,mta_metro_stop_id,mta_metro_stop_name,mta_metro_stop_latitude,mta_metro_stop_longitude,mta_metro_stop_location_type,mta_metro_parent_stop
0,101,Van Cortlandt Park-242 St,40.889248,-73.898583,Station,
1,101N,Van Cortlandt Park-242 St,40.889248,-73.898583,2,101
2,101S,Van Cortlandt Park-242 St,40.889248,-73.898583,2,101
3,103,238 St,40.884667,-73.90087,Station,
4,103N,238 St,40.884667,-73.90087,2,103
5,103S,238 St,40.884667,-73.90087,2,103
6,104,231 St,40.878856,-73.904834,Station,
7,104N,231 St,40.878856,-73.904834,2,104
8,104S,231 St,40.878856,-73.904834,2,104
9,106,Marble Hill-225 St,40.874561,-73.909831,Station,
10,106N,Marble Hill-225 St,40.874561,-73.909831,2,106
11,106S,Marble Hill-225 St,40.874561,-73.909831,2,106
12,107,215 St,40.869444,-73.915279,Station,
13,107N,215 St,40.869444,-73.915279,2,107
14,107S,215 St,40.869444,-73.915279,2,107
15,108,207 St,40.864621,-73.918822,Station,
16,108N,207 St,40.864621,-73.918822,2,108
17,108S,207 St,40.864621,-73.918822,2,108
18,109,Dyckman St,40.860531,-73.925536,Station,
19,109N,Dyckman St,40.860531,-73.925536,2,109
20,109S,Dyckman St,40.860531,-73.925536,2,109
21,110,191 St,40.855225,-73.929412,Station,
22,110N,191 St,40.855225,-73.929412,2,110
23,110S,191 St,40.855225,-73.929412,2,110
24,111,181 St,40.849505,-73.933596,Station,
25,111N,181 St,40.849505,-73.933596,2,111
26,111S,181 St,40.849505,-73.933596,2,111
27,112,168 St-Washington Hts,40.840556,-73.940133,Station,
28,112N,168 St-Washington Hts,40.840556,-73.940133,2,112
29,112S,168 St-Washington Hts,40.840556,-73.940133,2,112
30,113,157 St,40.834041,-73.94489,Station,
31,113N,157 St,40.834041,-73.94489,2,113
32,113S,157 St,40.834041,-73.94489,2,113
33,114,145 St,40.826551,-73.95036,Station,
34,114N,145 St,40.826551,-73.95036,2,114
35,114S,145 St,40.826551,-73.95036,2,114
36,115,137 St-City College,40.822008,-73.953676,Station,
37,115N,137 St-City College,40.822008,-73.953676,2,115
38,115S,137 St-City College,40.822008,-73.953676,2,115
39,116,125 St,40.815581,-73.958372,Station,
40,116N,125 St,40.815581,-73.958372,2,116
41,116S,125 St,40.815581,-73.958372,2,116
42,117,116 St-Columbia University,40.807722,-73.96411,Station,
43,117N,116 St-Columbia University,40.807722,-73.96411,2,117
44,117S,116 St-Columbia University,40.807722,-73.96411,2,117
45,118,Cathedral Pkwy (110 St),40.803967,-73.966847,Station,
46,118N,Cathedral Pkwy (110 St),40.803967,-73.966847,2,118
47,118S,Cathedral Pkwy (110 St),40.803967,-73.966847,2,118
48,119,103 St,40.799446,-73.968379,Station,
49,119N,103 St,40.799446,-73.968379,2,119
50,119S,103 St,40.799446,-73.968379,2,119
51,120,96 St,40.793919,-73.972323,Station,
52,120N,96 St,40.793919,-73.972323,2,120
53,120S,96 St,40.793919,-73.972323,2,120
54,121,86 St,40.788644,-73.976218,Station,
55,121N,86 St,40.788644,-73.976218,2,121
56,121S,86 St,40.788644,-73.976218,2,121
57,122,79 St,40.783934,-73.979917,Station,
58,122N,79 St,40.783934,-73.979917,2,122
59,122S,79 St,40.783934,-73.979917,2,122
60,123,72 St,40.778453,-73.98197,Station,
61,123N,72 St,40.778453,-73.98197,2,123
62,123S,72 St,40.778453,-73.98197,2,123
63,124,66 St-Lincoln Center,40.77344,-73.982209,Station,
64,124N,66 St-Lincoln Center,40.77344,-73.982209,2,124
65,124S,66 St-Lincoln Center,40.77344,-73.982209,2,124
66,125,59 St-Columbus Circle,40.768247,-73.981929,Station,
67,125N,59 St-Columbus Circle,40.768247,-73.981929,2,125
68,125S,59 St-Columbus Circle,40.768247,-73.981929,2,125
69,126,50 St,40.761728,-73.983849,Station,
70,126N,50 St,40.761728,-73.983849,2,126
71,126S,50 St,40.761728,-73.983849,2,126
72,127,Times Sq-42 St,40.75529,-73.987495,Station,
73,127N,Times Sq-42 St,40.75529,-73.987495,2,127
74,127S,Times Sq-42 St,40.75529,-73.987495,2,127
75,128,34 St-Penn Station,40.750373,-73.991057,Station,
76,128N,34 St-Penn Station,40.750373,-73.991057,2,128
77,128S,34 St-Penn Station,40.750373,-73.991057,2,128
78,129,28 St,40.747215,-73.993365,Station,
79,129N,28 St,40.747215,-73.993365,2,129
80,129S,28 St,40.747215,-73.993365,2,129
81,130,23 St,40.744081,-73.995657,Station,
82,130N,23 St,40.744081,-73.995657,2,130
83,130S,23 St,40.744081,-73.995657,2,130
84,131,18 St,40.74104,-73.997871,Station,
85,131N,18 St,40.74104,-73.997871,2,131
86,131S,18 St,40.74104,-73.997871,2,131
87,132,14 St,40.737826,-74.000201,Station,
88,132N,14 St,40.737826,-74.000201,2,132
89,132S,14 St,40.737826,-74.000201,2,132
90,133,Christopher St-Stonewall,40.733422,-74.002906,Station,
91,133N,Christopher St-Stonewall,40.733422,-74.002906,2,133
92,133S,Christopher St-Stonewall,40.733422,-74.002906,2,133
93,134,Houston St,40.728251,-74.005367,Station,
94,134N,Houston St,40.728251,-74.005367,2,134
95,134S,Houston St,40.728251,-74.005367,2,134
96,135,Canal St,40.722854,-74.006277,Station,
97,135N,Canal St,40.722854,-74.006277,2,135
98,135S,Canal St,40.722854,-74.006277,2,135
99,136,Franklin St,40.719318,-74.006886,Station,
100,136N,Franklin St,40.719318,-74.006886,2,136
101,136S,Franklin St,40.719318,-74.006886,2,136
102,137,Chambers St,40.715478,-74.009266,Station,
103,137N,Chambers St,40.715478,-74.009266,2,137
104,137S,Chambers St,40.715478,-74.009266,2,137
105,138,WTC Cortlandt,40.711835,-74.012188,Station,
106,138N,WTC Cortlandt,40.711835,-74.012188,2,138
107,138S,WTC Cortlandt,40.711835,-74.012188,2,138
108,139,Rector St,40.707513,-74.013783,Station,
109,139N,Rector St,40.707513,-74.013783,2,139
110,139S,Rector St,40.707513,-74.013783,2,139
111,140,South Ferry Loop,40.701411,-74.013205,Station,
112,140N,South Ferry Loop,40.701411,-74.013205,2,140
113,140S,South Ferry Loop,40.701411,-74.013205,2,140
114,142,South Ferry,40.702068,-74.013664,Station,
115,142N,South Ferry,40.702068,-74.013664,2,142
116,142S,South Ferry,40.702068,-74.013664,2,142
117,201,Wakefield-241 St,40.903125,-73.85062,Station,
118,201N,Wakefield-241 St,40.903125,-73.85062,2,201
119,201S,Wakefield-241 St,40.903125,-73.85062,2,201
120,204,Nereid Av,40.898379,-73.854376,Station,
121,204N,Nereid Av,40.898379,-73.854376,2,204
122,204S,Nereid Av,40.898379,-73.854376,2,204
123,205,233 St,40.893193,-73.857473,Station,
124,205N,233 St,40.893193,-73.857473,2,205
125,205S,233 St,40.893193,-73.857473,2,205
126,206,225 St,40.888022,-73.860341,Station,
127,206N,225 St,40.888022,-73.860341,2,206
128,206S,225 St,40.888022,-73.860341,2,206
129,207,219 St,40.883895,-73.862633,Station,
130,207N,219 St,40.883895,-73.862633,2,207
131,207S,219 St,40.883895,-73.862633,2,207
132,208,Gun Hill Rd,40.87785,-73.866256,Station,
133,208N,Gun Hill Rd,40.87785,-73.866256,2,208
134,208S,Gun Hill Rd,40.87785,-73.866256,2,208
135,209,Burke Av,40.871356,-73.867164,Station,
136,209N,Burke Av,40.871356,-73.867164,2,209
137,209S,Burke Av,40.871356,-73.867164,2,209
138,210,Allerton Av,40.865462,-73.867352,Station,
139,210N,Allerton Av,40.865462,-73.867352,2,210
140,210S,Allerton Av,40.865462,-73.867352,2,210
141,211,Pelham Pkwy,40.857192,-73.867615,Station,
142,211N,Pelham Pkwy,40.857192,-73.867615,2,211
143,211S,Pelham Pkwy,40.857192,-73.867615,2,211
144,212,Bronx Park East,40.848828,-73.868457,Station,
145,212N,Bronx Park East,40.848828,-73.868457,2,212
146,212S,Bronx Park East,40.848828,-73.868457,2,212
147,213,E 180 St,40.841894,-73.873488,Station,
148,213N,E 180 St,40.841894,-73.873488,2,213
149,213S,E 180 St,40.841894,-73.873488,2,213
150,214,West Farms Sq-E Tremont Av,40.840295,-73.880049,Station,
151,214N,West Farms Sq-E Tremont Av,40.840295,-73.880049,2,214
152,214S,West Farms Sq-E Tremont Av,40.840295,-73.880049,2,214
153,215,174 St,40.837288,-73.887734,Station,
154,215N,174 St,40.837288,-73.887734,2,215
155,215S,174 St,40.837288,-73.887734,2,215
156,216,Freeman St,40.829993,-73.891865,Station,
157,216N,Freeman St,40.829993,-73.891865,2,216
158,216S,Freeman St,40.829993,-73.891865,2,216
159,217,Simpson St,40.824073,-73.893064,Station,
160,217N,Simpson St,40.824073,-73.893064,2,217
161,217S,Simpson St,40.824073,-73.893064,2,217
162,218,Intervale Av,40.822181,-73.896736,Station,
163,218N,Intervale Av,40.822181,-73.896736,2,218
164,218S,Intervale Av,40.822181,-73.896736,2,218
165,219,Prospect Av,40.819585,-73.90177,Station,
166,219N,Prospect Av,40.819585,-73.90177,2,219
167,219S,Prospect Av,40.819585,-73.90177,2,219
168,220,Jackson Av,40.81649,-73.907807,Station,
169,220N,Jackson Av,40.81649,-73.907807,2,220
170,220S,Jackson Av,40.81649,-73.907807,2,220
171,221,3 Av-149 St,40.816109,-73.917757,Station,
172,221N,3 Av-149 St,40.816109,-73.917757,2,221
173,221S,3 Av-149 St,40.816109,-73.917757,2,221
174,222,149 St-Grand Concourse,40.81841,-73.926718,Station,
175,222N,149 St-Grand Concourse,40.81841,-73.926718,2,222
176,222S,149 St-Grand Concourse,40.81841,-73.926718,2,222
177,224,135 St,40.814229,-73.94077,Station,
178,224N,135 St,40.814229,-73.94077,2,224
179,224S,135 St,40.814229,-73.94077,2,224
180,225,125 St,40.807754,-73.945495,Station,
181,225N,125 St,40.807754,-73.945495,2,225
182,225S,125 St,40.807754,-73.945495,2,225
183,226,116 St,40.802098,-73.949625,Station,
184,226N,116 St,40.802098,-73.949625,2,226
185,226S,116 St,40.802098,-73.949625,2,226
186,227,Central Park North (110 St),40.799075,-73.951822,Station,
187,227N,Central Park North (110 St),40.799075,-73.951822,2,227
188,227S,Central Park North (110 St),40.799075,-73.951822,2,227
189,228,Park Place,40.713051,-74.008811,Station,
190,228N,Park Place,40.713051,-74.008811,2,228
191,228S,Park Place,40.713051,-74.008811,2,228
192,229,Fulton St,40.709416,-74.006571,Station,
193,229N,Fulton St,40.709416,-74.006571,2,229
194,229S,Fulton St,40.709416,-74.006571,2,229
195,230,Wall St,40.706821,-74.0091,Station,
196,230N,Wall St,40.706821,-74.0091,2,230
197,230S,Wall St,40.706821,-74.0091,2,230
198,231,Clark St,40.697466,-73.993086,Station,
199,231N,Clark St,40.697466,-73.993086,2,231
200,231S,Clark St,40.697466,-73.993086,2,231
201,232,Borough Hall,40.693219,-73.989998,Station,
202,232N,Borough Hall,40.693219,-73.989998,2,232
203,232S,Borough Hall,40.693219,-73.989998,2,232
204,233,Hoyt St,40.690545,-73.985065,Station,
205,233N,Hoyt St,40.690545,-73.985065,2,233
206,233S,Hoyt St,40.690545,-73.985065,2,233
207,234,Nevins St,40.688246,-73.980492,Station,
208,234N,Nevins St,40.688246,-73.980492,2,234
209,234S,Nevins St,40.688246,-73.980492,2,234
210,235,Atlantic Av-Barclays Ctr,40.684359,-73.977666,Station,
211,235N,Atlantic Av-Barclays Ctr,40.684359,-73.977666,2,235
212,235S,Atlantic Av-Barclays Ctr,40.684359,-73.977666,2,235
213,236,Bergen St,40.680829,-73.975098,Station,
214,236N,Bergen St,40.680829,-73.975098,2,236
215,236S,Bergen St,40.680829,-73.975098,2,236
216,237,Grand Army Plaza,40.675235,-73.971046,Station,
217,237N,Grand Army Plaza,40.675235,-73.971046,2,237
218,237S,Grand Army Plaza,40.675235,-73.971046,2,237
219,238,Eastern Pkwy-Brooklyn Museum,40.671987,-73.964375,Station,
220,238N,Eastern Pkwy-Brooklyn Museum,40.671987,-73.964375,2,238
221,238S,Eastern Pkwy-Brooklyn Museum,40.671987,-73.964375,2,238
222,239,Franklin Av-Medgar Evers College,40.670682,-73.958131,Station,
223,239N,Franklin Av-Medgar Evers College,40.670682,-73.958131,2,239
224,239S,Franklin Av-Medgar Evers College,40.670682,-73.958131,2,239
225,241,President St-Medgar Evers College,40.667883,-73.950683,Station,
226,241N,President St-Medgar Evers College,40.667883,-73.950683,2,241
227,241S,President St-Medgar Evers College,40.667883,-73.950683,2,241
228,242,Sterling St,40.662742,-73.95085,Station,
229,242N,Sterling St,40.662742,-73.95085,2,242
230,242S,Sterling St,40.662742,-73.95085,2,242
231,243,Winthrop St,40.656652,-73.9502,Station,
232,243N,Winthrop St,40.656652,-73.9502,2,243
233,243S,Winthrop St,40.656652,-73.9502,2,243
234,244,Church Av,40.650843,-73.949575,Station,
235,244N,Church Av,40.650843,-73.949575,2,244
236,244S,Church Av,40.650843,-73.949575,2,244
237,245,Beverly Rd,40.645098,-73.948959,Station,
238,245N,Beverly Rd,40.645098,-73.948959,2,245
239,245S,Beverly Rd,40.645098,-73.948959,2,245
240,246,Newkirk Av-Little Haiti,40.639967,-73.948411,Station,
241,246N,Newkirk Av-Little Haiti,40.639967,-73.948411,2,246
242,246S,Newkirk Av-Little Haiti,40.639967,-73.948411,2,246
243,247,Flatbush Av-Brooklyn College,40.632836,-73.947642,Station,
244,247N,Flatbush Av-Brooklyn College,40.632836,-73.947642,2,247
245,247S,Flatbush Av-Brooklyn College,40.632836,-73.947642,2,247
246,248,Nostrand Av,40.669847,-73.950466,Station,
247,248N,Nostrand Av,40.669847,-73.950466,2,248
248,248S,Nostrand Av,40.669847,-73.950466,2,248
249,249,Kingston Av,40.669399,-73.942161,Station,
250,249N,Kingston Av,40.669399,-73.942161,2,249
251,249S,Kingston Av,40.669399,-73.942161,2,249
252,250,Crown Hts-Utica Av,40.668897,-73.932942,Station,
253,250N,Crown Hts-Utica Av,40.668897,-73.932942,2,250
254,250S,Crown Hts-Utica Av,40.668897,-73.932942,2,250
255,251,Sutter Av-Rutland Rd,40.664717,-73.92261,Station,
256,251N,Sutter Av-Rutland Rd,40.664717,-73.92261,2,251
257,251S,Sutter Av-Rutland Rd,40.664717,-73.92261,2,251
258,252,Saratoga Av,40.661453,-73.916327,Station,
259,252N,Saratoga Av,40.661453,-73.916327,2,252
260,252S,Saratoga Av,40.661453,-73.916327,2,252
261,253,Rockaway Av,40.662549,-73.908946,Station,
262,253N,Rockaway Av,40.662549,-73.908946,2,253
263,253S,Rockaway Av,40.662549,-73.908946,2,253
264,254,Junius St,40.663515,-73.902447,Station,
265,254N,Junius St,40.663515,-73.902447,2,254
266,254S,Junius St,40.663515,-73.902447,2,254
267,255,Pennsylvania Av,40.664635,-73.894895,Station,
268,255N,Pennsylvania Av,40.664635,-73.894895,2,255
269,255S,Pennsylvania Av,40.664635,-73.894895,2,255
270,256,Van Siclen Av,40.665449,-73.889395,Station,
271,256N,Van Siclen Av,40.665449,-73.889395,2,256
272,256S,Van Siclen Av,40.665449,-73.889395,2,256
273,257,New Lots Av,40.666235,-73.884079,Station,
274,257N,New Lots Av,40.666235,-73.884079,2,257
275,257S,New Lots Av,40.666235,-73.884079,2,257
276,301,Harlem-148 St,40.82388,-73.93647,Station,
277,301N,Harlem-148 St,40.82388,-73.93647,2,301
278,301S,Harlem-148 St,40.82388,-73.93647,2,301
279,302,145 St,40.820421,-73.936245,Station,
280,302N,145 St,40.820421,-73.936245,2,302
281,302S,145 St,40.820421,-73.936245,2,302
282,401,Woodlawn,40.886037,-73.878751,Station,
283,401N,Woodlawn,40.886037,-73.878751,2,401
284,401S,Woodlawn,40.886037,-73.878751,2,401
285,402,Mosholu Pkwy,40.87975,-73.884655,Station,
286,402N,Mosholu Pkwy,40.87975,-73.884655,2,402
287,402S,Mosholu Pkwy,40.87975,-73.884655,2,402
288,405,Bedford Park Blvd-Lehman College,40.873412,-73.890064,Station,
289,405N,Bedford Park Blvd-Lehman College,40.873412,-73.890064,2,405
290,405S,Bedford Park Blvd-Lehman College,40.873412,-73.890064,2,405
291,406,Kingsbridge Rd,40.86776,-73.897174,Station,
292,406N,Kingsbridge Rd,40.86776,-73.897174,2,406
293,406S,Kingsbridge Rd,40.86776,-73.897174,2,406
294,407,Fordham Rd,40.862803,-73.901034,Station,
295,407N,Fordham Rd,40.862803,-73.901034,2,407
296,407S,Fordham Rd,40.862803,-73.901034,2,407
297,408,183 St,40.858407,-73.903879,Station,
298,408N,183 St,40.858407,-73.903879,2,408
299,408S,183 St,40.858407,-73.903879,2,408
300,409,Burnside Av,40.853453,-73.907684,Station,
301,409N,Burnside Av,40.853453,-73.907684,2,409
302,409S,Burnside Av,40.853453,-73.907684,2,409
303,410,176 St,40.84848,-73.911794,Station,
304,410N,176 St,40.84848,-73.911794,2,410
305,410S,176 St,40.84848,-73.911794,2,410
306,411,Mt Eden Av,40.844434,-73.914685,Station,
307,411N,Mt Eden Av,40.844434,-73.914685,2,411
308,411S,Mt Eden Av,40.844434,-73.914685,2,411
309,412,170 St,40.840075,-73.917791,Station,
310,412N,170 St,40.840075,-73.917791,2,412
311,412S,170 St,40.840075,-73.917791,2,412
312,413,167 St,40.835537,-73.9214,Station,
313,413N,167 St,40.835537,-73.9214,2,413
314,413S,167 St,40.835537,-73.9214,2,413
315,414,161 St-Yankee Stadium,40.827994,-73.925831,Station,
316,414N,161 St-Yankee Stadium,40.827994,-73.925831,2,414
317,414S,161 St-Yankee Stadium,40.827994,-73.925831,2,414
318,415,149 St-Grand Concourse,40.818375,-73.927351,Station,
319,415N,149 St-Grand Concourse,40.818375,-73.927351,2,415
320,415S,149 St-Grand Concourse,40.818375,-73.927351,2,415
321,416,138 St-Grand Concourse,40.813224,-73.929849,Station,
322,416N,138 St-Grand Concourse,40.813224,-73.929849,2,416
323,416S,138 St-Grand Concourse,40.813224,-73.929849,2,416
324,418,Fulton St,40.710368,-74.009509,Station,
325,418N,Fulton St,40.710368,-74.009509,2,418
326,418S,Fulton St,40.710368,-74.009509,2,418
327,419,Wall St,40.707557,-74.011862,Station,
328,419N,Wall St,40.707557,-74.011862,2,419
329,419S,Wall St,40.707557,-74.011862,2,419
330,420,Bowling Green,40.704817,-74.014065,Station,
331,420N,Bowling Green,40.704817,-74.014065,2,420
332,420S,Bowling Green,40.704817,-74.014065,2,420
333,423,Borough Hall,40.692404,-73.990151,Station,
334,423N,Borough Hall,40.692404,-73.990151,2,423
335,423S,Borough Hall,40.692404,-73.990151,2,423
336,501,Eastchester-Dyre Av,40.8883,-73.830834,Station,
337,501N,Eastchester-Dyre Av,40.8883,-73.830834,2,501
338,501S,Eastchester-Dyre Av,40.8883,-73.830834,2,501
339,502,Baychester Av,40.878663,-73.838591,Station,
340,502N,Baychester Av,40.878663,-73.838591,2,502
341,502S,Baychester Av,40.878663,-73.838591,2,502
342,503,Gun Hill Rd,40.869526,-73.846384,Station,
343,503N,Gun Hill Rd,40.869526,-73.846384,2,503
344,503S,Gun Hill Rd,40.869526,-73.846384,2,503
345,504,Pelham Pkwy,40.858985,-73.855359,Station,
346,504N,Pelham Pkwy,40.858985,-73.855359,2,504
347,504S,Pelham Pkwy,40.858985,-73.855359,2,504
348,505,Morris Park,40.854364,-73.860495,Station,
349,505N,Morris Park,40.854364,-73.860495,2,505
350,505S,Morris Park,40.854364,-73.860495,2,505
351,601,Pelham Bay Park,40.852462,-73.828121,Station,
352,601N,Pelham Bay Park,40.852462,-73.828121,2,601
353,601S,Pelham Bay Park,40.852462,-73.828121,2,601
354,602,Buhre Av,40.84681,-73.832569,Station,
355,602N,Buhre Av,40.84681,-73.832569,2,602
356,602S,Buhre Av,40.84681,-73.832569,2,602
357,603,Middletown Rd,40.843863,-73.836322,Station,
358,603N,Middletown Rd,40.843863,-73.836322,2,603
359,603S,Middletown Rd,40.843863,-73.836322,2,603
360,604,Westchester Sq-E Tremont Av,40.839892,-73.842952,Station,
361,604N,Westchester Sq-E Tremont Av,40.839892,-73.842952,2,604
362,604S,Westchester Sq-E Tremont Av,40.839892,-73.842952,2,604
363,606,Zerega Av,40.836488,-73.847036,Station,
364,606N,Zerega Av,40.836488,-73.847036,2,606
365,606S,Zerega Av,40.836488,-73.847036,2,606
366,607,Castle Hill Av,40.834255,-73.851222,Station,
367,607N,Castle Hill Av,40.834255,-73.851222,2,607
368,607S,Castle Hill Av,40.834255,-73.851222,2,607
369,608,Parkchester,40.833226,-73.860816,Station,
370,608N,Parkchester,40.833226,-73.860816,2,608
371,608S,Parkchester,40.833226,-73.860816,2,608
372,609,St Lawrence Av,40.831509,-73.867618,Station,
373,609N,St Lawrence Av,40.831509,-73.867618,2,609
374,609S,St Lawrence Av,40.831509,-73.867618,2,609
375,610,Morrison Av-Soundview,40.829521,-73.874516,Station,
376,610N,Morrison Av-Soundview,40.829521,-73.874516,2,610
377,610S,Morrison Av-Soundview,40.829521,-73.874516,2,610
378,611,Elder Av,40.828584,-73.879159,Station,
379,611N,Elder Av,40.828584,-73.879159,2,611
380,611S,Elder Av,40.828584,-73.879159,2,611
381,612,Whitlock Av,40.826525,-73.886283,Station,
382,612N,Whitlock Av,40.826525,-73.886283,2,612
383,612S,Whitlock Av,40.826525,-73.886283,2,612
384,613,Hunts Point Av,40.820948,-73.890549,Station,
385,613N,Hunts Point Av,40.820948,-73.890549,2,613
386,613S,Hunts Point Av,40.820948,-73.890549,2,613
387,614,Longwood Av,40.816104,-73.896435,Station,
388,614N,Longwood Av,40.816104,-73.896435,2,614
389,614S,Longwood Av,40.816104,-73.896435,2,614
390,615,E 149 St,40.812118,-73.904098,Station,
391,615N,E 149 St,40.812118,-73.904098,2,615
392,615S,E 149 St,40.812118,-73.904098,2,615
393,616,E 143 St-St Mary's St,40.808719,-73.907657,Station,
394,616N,E 143 St-St Mary's St,40.808719,-73.907657,2,616
395,616S,E 143 St-St Mary's St,40.808719,-73.907657,2,616
396,617,Cypress Av,40.805368,-73.914042,Station,
397,617N,Cypress Av,40.805368,-73.914042,2,617
398,617S,Cypress Av,40.805368,-73.914042,2,617
399,618,Brook Av,40.807566,-73.91924,Station,
400,618N,Brook Av,40.807566,-73.91924,2,618
401,618S,Brook Av,40.807566,-73.91924,2,618
402,619,3 Av-138 St,40.810476,-73.926138,Station,
403,619N,3 Av-138 St,40.810476,-73.926138,2,619
404,619S,3 Av-138 St,40.810476,-73.926138,2,619
405,621,125 St,40.804138,-73.937594,Station,
406,621N,125 St,40.804138,-73.937594,2,621
407,621S,125 St,40.804138,-73.937594,2,621
408,622,116 St,40.798629,-73.941617,Station,
409,622N,116 St,40.798629,-73.941617,2,622
410,622S,116 St,40.798629,-73.941617,2,622
411,623,110 St,40.79502,-73.94425,Station,
412,623N,110 St,40.79502,-73.94425,2,623
413,623S,110 St,40.79502,-73.94425,2,623
414,624,103 St,40.7906,-73.947478,Station,
415,624N,103 St,40.7906,-73.947478,2,624
416,624S,103 St,40.7906,-73.947478,2,624
417,625,96 St,40.785672,-73.95107,Station,
418,625N,96 St,40.785672,-73.95107,2,625
419,625S,96 St,40.785672,-73.95107,2,625
420,626,86 St,40.779492,-73.955589,Station,
421,626N,86 St,40.779492,-73.955589,2,626
422,626S,86 St,40.779492,-73.955589,2,626
423,627,77 St,40.77362,-73.959874,Station,
424,627N,77 St,40.77362,-73.959874,2,627
425,627S,77 St,40.77362,-73.959874,2,627
426,628,68 St-Hunter College,40.768141,-73.96387,Station,
427,628N,68 St-Hunter College,40.768141,-73.96387,2,628
428,628S,68 St-Hunter College,40.768141,-73.96387,2,628
429,629,59 St,40.762526,-73.967967,Station,
430,629N,59 St,40.762526,-73.967967,2,629
431,629S,59 St,40.762526,-73.967967,2,629
432,630,51 St,40.757107,-73.97192,Station,
433,630N,51 St,40.757107,-73.97192,2,630
434,630S,51 St,40.757107,-73.97192,2,630
435,631,Grand Central-42 St,40.751776,-73.976848,Station,
436,631N,Grand Central-42 St,40.751776,-73.976848,2,631
437,631S,Grand Central-42 St,40.751776,-73.976848,2,631
438,632,33 St,40.746081,-73.982076,Station,
439,632N,33 St,40.746081,-73.982076,2,632
440,632S,33 St,40.746081,-73.982076,2,632
441,633,28 St,40.74307,-73.984264,Station,
442,633N,28 St,40.74307,-73.984264,2,633
443,633S,28 St,40.74307,-73.984264,2,633
444,634,23 St,40.739864,-73.986599,Station,
445,634N,23 St,40.739864,-73.986599,2,634
446,634S,23 St,40.739864,-73.986599,2,634
447,635,14 St-Union Sq,40.734673,-73.989951,Station,
448,635N,14 St-Union Sq,40.734673,-73.989951,2,635
449,635S,14 St-Union Sq,40.734673,-73.989951,2,635
450,636,Astor Pl,40.730054,-73.99107,Station,
451,636N,Astor Pl,40.730054,-73.99107,2,636
452,636S,Astor Pl,40.730054,-73.99107,2,636
453,637,Bleecker St,40.725915,-73.994659,Station,
454,637N,Bleecker St,40.725915,-73.994659,2,637
455,637S,Bleecker St,40.725915,-73.994659,2,637
456,638,Spring St,40.722301,-73.997141,Station,
457,638N,Spring St,40.722301,-73.997141,2,638
458,638S,Spring St,40.722301,-73.997141,2,638
459,639,Canal St,40.718803,-74.000193,Station,
460,639N,Canal St,40.718803,-74.000193,2,639
461,639S,Canal St,40.718803,-74.000193,2,639
462,640,Brooklyn Bridge-City Hall,40.713065,-74.004131,Station,
463,640N,Brooklyn Bridge-City Hall,40.713065,-74.004131,2,640
464,640S,Brooklyn Bridge-City Hall,40.713065,-74.004131,2,640
465,701,Flushing-Main St,40.7596,-73.83003,Station,
466,701N,Flushing-Main St,40.7596,-73.83003,2,701
467,701S,Flushing-Main St,40.7596,-73.83003,2,701
468,702,Mets-Willets Point,40.754622,-73.845625,Station,
469,702N,Mets-Willets Point,40.754622,-73.845625,2,702
470,702S,Mets-Willets Point,40.754622,-73.845625,2,702
471,705,111 St,40.75173,-73.855334,Station,
472,705N,111 St,40.75173,-73.855334,2,705
473,705S,111 St,40.75173,-73.855334,2,705
474,706,103 St-Corona Plaza,40.749865,-73.8627,Station,
475,706N,103 St-Corona Plaza,40.749865,-73.8627,2,706
476,706S,103 St-Corona Plaza,40.749865,-73.8627,2,706
477,707,Junction Blvd,40.749145,-73.869527,Station,
478,707N,Junction Blvd,40.749145,-73.869527,2,707
479,707S,Junction Blvd,40.749145,-73.869527,2,707
480,708,90 St-Elmhurst Av,40.748408,-73.876613,Station,
481,708N,90 St-Elmhurst Av,40.748408,-73.876613,2,708
482,708S,90 St-Elmhurst Av,40.748408,-73.876613,2,708
483,709,82 St-Jackson Hts,40.747659,-73.883697,Station,
484,709N,82 St-Jackson Hts,40.747659,-73.883697,2,709
485,709S,82 St-Jackson Hts,40.747659,-73.883697,2,709
486,710,74 St-Broadway,40.746848,-73.891394,Station,
487,710N,74 St-Broadway,40.746848,-73.891394,2,710
488,710S,74 St-Broadway,40.746848,-73.891394,2,710
489,711,69 St,40.746325,-73.896403,Station,
490,711N,69 St,40.746325,-73.896403,2,711
491,711S,69 St,40.746325,-73.896403,2,711
492,712,61 St-Woodside,40.74563,-73.902984,Station,
493,712N,61 St-Woodside,40.74563,-73.902984,2,712
494,712S,61 St-Woodside,40.74563,-73.902984,2,712
495,713,52 St,40.744149,-73.912549,Station,
496,713N,52 St,40.744149,-73.912549,2,713
497,713S,52 St,40.744149,-73.912549,2,713
498,714,46 St-Bliss St,40.743132,-73.918435,Station,
499,714N,46 St-Bliss St,40.743132,-73.918435,2,714
500,714S,46 St-Bliss St,40.743132,-73.918435,2,714
501,715,40 St-Lowery St,40.743781,-73.924016,Station,
502,715N,40 St-Lowery St,40.743781,-73.924016,2,715
503,715S,40 St-Lowery St,40.743781,-73.924016,2,715
504,716,33 St-Rawson St,40.744587,-73.930997,Station,
505,716N,33 St-Rawson St,40.744587,-73.930997,2,716
506,716S,33 St-Rawson St,40.744587,-73.930997,2,716
507,718,Queensboro Plaza,40.750582,-73.940202,Station,
508,718N,Queensboro Plaza,40.750582,-73.940202,2,718
509,718S,Queensboro Plaza,40.750582,-73.940202,2,718
510,719,Court Sq,40.747023,-73.945264,Station,
511,719N,Court Sq,40.747023,-73.945264,2,719
512,719S,Court Sq,40.747023,-73.945264,2,719
513,720,Hunters Point Av,40.742216,-73.948916,Station,
514,720N,Hunters Point Av,40.742216,-73.948916,2,720
515,720S,Hunters Point Av,40.742216,-73.948916,2,720
516,721,Vernon Blvd-Jackson Av,40.742626,-73.953581,Station,
517,721N,Vernon Blvd-Jackson Av,40.742626,-73.953581,2,721
518,721S,Vernon Blvd-Jackson Av,40.742626,-73.953581,2,721
519,723,Grand Central-42 St,40.751431,-73.976041,Station,
520,723N,Grand Central-42 St,40.751431,-73.976041,2,723
521,723S,Grand Central-42 St,40.751431,-73.976041,2,723
522,724,5 Av,40.753821,-73.981963,Station,
523,724N,5 Av,40.753821,-73.981963,2,724
524,724S,5 Av,40.753821,-73.981963,2,724
525,725,Times Sq-42 St,40.755477,-73.987691,Station,
526,725N,Times Sq-42 St,40.755477,-73.987691,2,725
527,725S,Times Sq-42 St,40.755477,-73.987691,2,725
528,726,34 St-Hudson Yards,40.755882,-74.00191,Station,
529,726N,34 St-Hudson Yards,40.755882,-74.00191,2,726
530,726S,34 St-Hudson Yards,40.755882,-74.00191,2,726
531,901,Grand Central-42 St,40.752769,-73.979189,Station,
532,901N,Grand Central-42 St,40.752769,-73.979189,2,901
533,901S,Grand Central-42 St,40.752769,-73.979189,2,901
534,902,Times Sq-42 St,40.755983,-73.986229,Station,
535,902N,Times Sq-42 St,40.755983,-73.986229,2,902
536,902S,Times Sq-42 St,40.755983,-73.986229,2,902
537,A02,Inwood-207 St,40.868072,-73.919899,Station,
538,A02N,Inwood-207 St,40.868072,-73.919899,2,A02
539,A02S,Inwood-207 St,40.868072,-73.919899,2,A02
540,A03,Dyckman St,40.865491,-73.927271,Station,
541,A03N,Dyckman St,40.865491,-73.927271,2,A03
542,A03S,Dyckman St,40.865491,-73.927271,2,A03
543,A05,190 St,40.859022,-73.93418,Station,
544,A05N,190 St,40.859022,-73.93418,2,A05
545,A05S,190 St,40.859022,-73.93418,2,A05
546,A06,181 St,40.851695,-73.937969,Station,
547,A06N,181 St,40.851695,-73.937969,2,A06
548,A06S,181 St,40.851695,-73.937969,2,A06
549,A07,175 St,40.847391,-73.939704,Station,
550,A07N,175 St,40.847391,-73.939704,2,A07
551,A07S,175 St,40.847391,-73.939704,2,A07
552,A09,168 St,40.840719,-73.939561,Station,
553,A09N,168 St,40.840719,-73.939561,2,A09
554,A09S,168 St,40.840719,-73.939561,2,A09
555,A10,163 St-Amsterdam Av,40.836013,-73.939892,Station,
556,A10N,163 St-Amsterdam Av,40.836013,-73.939892,2,A10
557,A10S,163 St-Amsterdam Av,40.836013,-73.939892,2,A10
558,A11,155 St,40.830518,-73.941514,Station,
559,A11N,155 St,40.830518,-73.941514,2,A11
560,A11S,155 St,40.830518,-73.941514,2,A11
561,A12,145 St,40.824783,-73.944216,Station,
562,A12N,145 St,40.824783,-73.944216,2,A12
563,A12S,145 St,40.824783,-73.944216,2,A12
564,A14,135 St,40.817894,-73.947649,Station,
565,A14N,135 St,40.817894,-73.947649,2,A14
566,A14S,135 St,40.817894,-73.947649,2,A14
567,A15,125 St,40.811109,-73.952343,Station,
568,A15N,125 St,40.811109,-73.952343,2,A15
569,A15S,125 St,40.811109,-73.952343,2,A15
570,A16,116 St,40.805085,-73.954882,Station,
571,A16N,116 St,40.805085,-73.954882,2,A16
572,A16S,116 St,40.805085,-73.954882,2,A16
573,A17,Cathedral Pkwy (110 St),40.800603,-73.958161,Station,
574,A17N,Cathedral Pkwy (110 St),40.800603,-73.958161,2,A17
575,A17S,Cathedral Pkwy (110 St),40.800603,-73.958161,2,A17
576,A18,103 St,40.796092,-73.961454,Station,
577,A18N,103 St,40.796092,-73.961454,2,A18
578,A18S,103 St,40.796092,-73.961454,2,A18
579,A19,96 St,40.791642,-73.964696,Station,
580,A19N,96 St,40.791642,-73.964696,2,A19
581,A19S,96 St,40.791642,-73.964696,2,A19
582,A20,86 St,40.785868,-73.968916,Station,
583,A20N,86 St,40.785868,-73.968916,2,A20
584,A20S,86 St,40.785868,-73.968916,2,A20
585,A21,81 St-Museum of Natural History,40.781433,-73.972143,Station,
586,A21N,81 St-Museum of Natural History,40.781433,-73.972143,2,A21
587,A21S,81 St-Museum of Natural History,40.781433,-73.972143,2,A21
588,A22,72 St,40.775594,-73.97641,Station,
589,A22N,72 St,40.775594,-73.97641,2,A22
590,A22S,72 St,40.775594,-73.97641,2,A22
591,A24,59 St-Columbus Circle,40.768296,-73.981736,Station,
592,A24N,59 St-Columbus Circle,40.768296,-73.981736,2,A24
593,A24S,59 St-Columbus Circle,40.768296,-73.981736,2,A24
594,A25,50 St,40.762456,-73.985984,Station,
595,A25N,50 St,40.762456,-73.985984,2,A25
596,A25S,50 St,40.762456,-73.985984,2,A25
597,A27,42 St-Port Authority Bus Terminal,40.757308,-73.989735,Station,
598,A27N,42 St-Port Authority Bus Terminal,40.757308,-73.989735,2,A27
599,A27S,42 St-Port Authority Bus Terminal,40.757308,-73.989735,2,A27
600,A28,34 St-Penn Station,40.752287,-73.993391,Station,
601,A28N,34 St-Penn Station,40.752287,-73.993391,2,A28
602,A28S,34 St-Penn Station,40.752287,-73.993391,2,A28
603,A30,23 St,40.745906,-73.998041,Station,
604,A30N,23 St,40.745906,-73.998041,2,A30
605,A30S,23 St,40.745906,-73.998041,2,A30
606,A31,14 St,40.740893,-74.00169,Station,
607,A31N,14 St,40.740893,-74.00169,2,A31
608,A31S,14 St,40.740893,-74.00169,2,A31
609,A32,W 4 St-Wash Sq,40.732338,-74.000495,Station,
610,A32N,W 4 St-Wash Sq,40.732338,-74.000495,2,A32
611,A32S,W 4 St-Wash Sq,40.732338,-74.000495,2,A32
612,A33,Spring St,40.726227,-74.003739,Station,
613,A33N,Spring St,40.726227,-74.003739,2,A33
614,A33S,Spring St,40.726227,-74.003739,2,A33
615,A34,Canal St,40.720824,-74.005229,Station,
616,A34N,Canal St,40.720824,-74.005229,2,A34
617,A34S,Canal St,40.720824,-74.005229,2,A34
618,A36,Chambers St,40.714111,-74.008585,Station,
619,A36N,Chambers St,40.714111,-74.008585,2,A36
620,A36S,Chambers St,40.714111,-74.008585,2,A36
621,A38,Fulton St,40.710197,-74.007691,Station,
622,A38N,Fulton St,40.710197,-74.007691,2,A38
623,A38S,Fulton St,40.710197,-74.007691,2,A38
624,A40,High St,40.699337,-73.990531,Station,
625,A40N,High St,40.699337,-73.990531,2,A40
626,A40S,High St,40.699337,-73.990531,2,A40
627,A41,Jay St-MetroTech,40.692338,-73.987342,Station,
628,A41N,Jay St-MetroTech,40.692338,-73.987342,2,A41
629,A41S,Jay St-MetroTech,40.692338,-73.987342,2,A41
630,A42,Hoyt-Schermerhorn Sts,40.688484,-73.985001,Station,
631,A42N,Hoyt-Schermerhorn Sts,40.688484,-73.985001,2,A42
632,A42S,Hoyt-Schermerhorn Sts,40.688484,-73.985001,2,A42
633,A43,Lafayette Av,40.686113,-73.973946,Station,
634,A43N,Lafayette Av,40.686113,-73.973946,2,A43
635,A43S,Lafayette Av,40.686113,-73.973946,2,A43
636,A44,Clinton-Washington Avs,40.683263,-73.965838,Station,
637,A44N,Clinton-Washington Avs,40.683263,-73.965838,2,A44
638,A44S,Clinton-Washington Avs,40.683263,-73.965838,2,A44
639,A45,Franklin Av,40.68138,-73.956848,Station,
640,A45N,Franklin Av,40.68138,-73.956848,2,A45
641,A45S,Franklin Av,40.68138,-73.956848,2,A45
642,A46,Nostrand Av,40.680438,-73.950426,Station,
643,A46N,Nostrand Av,40.680438,-73.950426,2,A46
644,A46S,Nostrand Av,40.680438,-73.950426,2,A46
645,A47,Kingston-Throop Avs,40.679921,-73.940858,Station,
646,A47N,Kingston-Throop Avs,40.679921,-73.940858,2,A47
647,A47S,Kingston-Throop Avs,40.679921,-73.940858,2,A47
648,A48,Utica Av,40.679364,-73.930729,Station,
649,A48N,Utica Av,40.679364,-73.930729,2,A48
650,A48S,Utica Av,40.679364,-73.930729,2,A48
651,A49,Ralph Av,40.678822,-73.920786,Station,
652,A49N,Ralph Av,40.678822,-73.920786,2,A49
653,A49S,Ralph Av,40.678822,-73.920786,2,A49
654,A50,Rockaway Av,40.67834,-73.911946,Station,
655,A50N,Rockaway Av,40.67834,-73.911946,2,A50
656,A50S,Rockaway Av,40.67834,-73.911946,2,A50
657,A51,Broadway Junction,40.678334,-73.905316,Station,
658,A51N,Broadway Junction,40.678334,-73.905316,2,A51
659,A51S,Broadway Junction,40.678334,-73.905316,2,A51
660,A52,Liberty Av,40.674542,-73.896548,Station,
661,A52N,Liberty Av,40.674542,-73.896548,2,A52
662,A52S,Liberty Av,40.674542,-73.896548,2,A52
663,A53,Van Siclen Av,40.67271,-73.890358,Station,
664,A53N,Van Siclen Av,40.67271,-73.890358,2,A53
665,A53S,Van Siclen Av,40.67271,-73.890358,2,A53
666,A54,Shepherd Av,40.67413,-73.88075,Station,
667,A54N,Shepherd Av,40.67413,-73.88075,2,A54
668,A54S,Shepherd Av,40.67413,-73.88075,2,A54
669,A55,Euclid Av,40.675377,-73.872106,Station,
670,A55N,Euclid Av,40.675377,-73.872106,2,A55
671,A55S,Euclid Av,40.675377,-73.872106,2,A55
672,A57,Grant Av,40.677044,-73.86505,Station,
673,A57N,Grant Av,40.677044,-73.86505,2,A57
674,A57S,Grant Av,40.677044,-73.86505,2,A57
675,A59,80 St,40.679371,-73.858992,Station,
676,A59N,80 St,40.679371,-73.858992,2,A59
677,A59S,80 St,40.679371,-73.858992,2,A59
678,A60,88 St,40.679843,-73.85147,Station,
679,A60N,88 St,40.679843,-73.85147,2,A60
680,A60S,88 St,40.679843,-73.85147,2,A60
681,A61,Rockaway Blvd,40.680429,-73.843853,Station,
682,A61N,Rockaway Blvd,40.680429,-73.843853,2,A61
683,A61S,Rockaway Blvd,40.680429,-73.843853,2,A61
684,A63,104 St,40.681711,-73.837683,Station,
685,A63N,104 St,40.681711,-73.837683,2,A63
686,A63S,104 St,40.681711,-73.837683,2,A63
687,A64,111 St,40.684331,-73.832163,Station,
688,A64N,111 St,40.684331,-73.832163,2,A64
689,A64S,111 St,40.684331,-73.832163,2,A64
690,A65,Ozone Park-Lefferts Blvd,40.685951,-73.825798,Station,
691,A65N,Ozone Park-Lefferts Blvd,40.685951,-73.825798,2,A65
692,A65S,Ozone Park-Lefferts Blvd,40.685951,-73.825798,2,A65
693,B04,21 St-Queensbridge,40.754203,-73.942836,Station,
694,B04N,21 St-Queensbridge,40.754203,-73.942836,2,B04
695,B04S,21 St-Queensbridge,40.754203,-73.942836,2,B04
696,B06,Roosevelt Island,40.759145,-73.95326,Station,
697,B06N,Roosevelt Island,40.759145,-73.95326,2,B06
698,B06S,Roosevelt Island,40.759145,-73.95326,2,B06
699,B08,Lexington Av/63 St,40.764629,-73.966113,Station,
700,B08N,Lexington Av/63 St,40.764629,-73.966113,2,B08
701,B08S,Lexington Av/63 St,40.764629,-73.966113,2,B08
702,B10,57 St,40.763972,-73.97745,Station,
703,B10N,57 St,40.763972,-73.97745,2,B10
704,B10S,57 St,40.763972,-73.97745,2,B10
705,B12,9 Av,40.646292,-73.994324,Station,
706,B12N,9 Av,40.646292,-73.994324,2,B12
707,B12S,9 Av,40.646292,-73.994324,2,B12
708,B13,Fort Hamilton Pkwy,40.640914,-73.994304,Station,
709,B13N,Fort Hamilton Pkwy,40.640914,-73.994304,2,B13
710,B13S,Fort Hamilton Pkwy,40.640914,-73.994304,2,B13
711,B14,50 St,40.63626,-73.994791,Station,
712,B14N,50 St,40.63626,-73.994791,2,B14
713,B14S,50 St,40.63626,-73.994791,2,B14
714,B15,55 St,40.631435,-73.995476,Station,
715,B15N,55 St,40.631435,-73.995476,2,B15
716,B15S,55 St,40.631435,-73.995476,2,B15
717,B16,62 St,40.626472,-73.996895,Station,
718,B16N,62 St,40.626472,-73.996895,2,B16
719,B16S,62 St,40.626472,-73.996895,2,B16
720,B17,71 St,40.619589,-73.998864,Station,
721,B17N,71 St,40.619589,-73.998864,2,B17
722,B17S,71 St,40.619589,-73.998864,2,B17
723,B18,79 St,40.613501,-74.00061,Station,
724,B18N,79 St,40.613501,-74.00061,2,B18
725,B18S,79 St,40.613501,-74.00061,2,B18
726,B19,18 Av,40.607954,-74.001736,Station,
727,B19N,18 Av,40.607954,-74.001736,2,B19
728,B19S,18 Av,40.607954,-74.001736,2,B19
729,B20,20 Av,40.604556,-73.998168,Station,
730,B20N,20 Av,40.604556,-73.998168,2,B20
731,B20S,20 Av,40.604556,-73.998168,2,B20
732,B21,Bay Pkwy,40.601875,-73.993728,Station,
733,B21N,Bay Pkwy,40.601875,-73.993728,2,B21
734,B21S,Bay Pkwy,40.601875,-73.993728,2,B21
735,B22,25 Av,40.597704,-73.986829,Station,
736,B22N,25 Av,40.597704,-73.986829,2,B22
737,B22S,25 Av,40.597704,-73.986829,2,B22
738,B23,Bay 50 St,40.588841,-73.983765,Station,
739,B23N,Bay 50 St,40.588841,-73.983765,2,B23
740,B23S,Bay 50 St,40.588841,-73.983765,2,B23
741,D01,Norwood-205 St,40.874811,-73.878855,Station,
742,D01N,Norwood-205 St,40.874811,-73.878855,2,D01
743,D01S,Norwood-205 St,40.874811,-73.878855,2,D01
744,D03,Bedford Park Blvd,40.873244,-73.887138,Station,
745,D03N,Bedford Park Blvd,40.873244,-73.887138,2,D03
746,D03S,Bedford Park Blvd,40.873244,-73.887138,2,D03
747,D04,Kingsbridge Rd,40.866978,-73.893509,Station,
748,D04N,Kingsbridge Rd,40.866978,-73.893509,2,D04
749,D04S,Kingsbridge Rd,40.866978,-73.893509,2,D04
750,D05,Fordham Rd,40.861296,-73.897749,Station,
751,D05N,Fordham Rd,40.861296,-73.897749,2,D05
752,D05S,Fordham Rd,40.861296,-73.897749,2,D05
753,D06,182-183 Sts,40.856093,-73.900741,Station,
754,D06N,182-183 Sts,40.856093,-73.900741,2,D06
755,D06S,182-183 Sts,40.856093,-73.900741,2,D06
756,D07,Tremont Av,40.85041,-73.905227,Station,
757,D07N,Tremont Av,40.85041,-73.905227,2,D07
758,D07S,Tremont Av,40.85041,-73.905227,2,D07
759,D08,174-175 Sts,40.8459,-73.910136,Station,
760,D08N,174-175 Sts,40.8459,-73.910136,2,D08
761,D08S,174-175 Sts,40.8459,-73.910136,2,D08
762,D09,170 St,40.839306,-73.9134,Station,
763,D09N,170 St,40.839306,-73.9134,2,D09
764,D09S,170 St,40.839306,-73.9134,2,D09
765,D10,167 St,40.833771,-73.91844,Station,
766,D10N,167 St,40.833771,-73.91844,2,D10
767,D10S,167 St,40.833771,-73.91844,2,D10
768,D11,161 St-Yankee Stadium,40.827905,-73.925651,Station,
769,D11N,161 St-Yankee Stadium,40.827905,-73.925651,2,D11
770,D11S,161 St-Yankee Stadium,40.827905,-73.925651,2,D11
771,D12,155 St,40.830135,-73.938209,Station,
772,D12N,155 St,40.830135,-73.938209,2,D12
773,D12S,155 St,40.830135,-73.938209,2,D12
774,D13,145 St,40.824783,-73.944216,Station,
775,D13N,145 St,40.824783,-73.944216,2,D13
776,D13S,145 St,40.824783,-73.944216,2,D13
777,D14,7 Av,40.762862,-73.981637,Station,
778,D14N,7 Av,40.762862,-73.981637,2,D14
779,D14S,7 Av,40.762862,-73.981637,2,D14
780,D15,47-50 Sts-Rockefeller Ctr,40.758663,-73.981329,Station,
781,D15N,47-50 Sts-Rockefeller Ctr,40.758663,-73.981329,2,D15
782,D15S,47-50 Sts-Rockefeller Ctr,40.758663,-73.981329,2,D15
783,D16,42 St-Bryant Pk,40.754222,-73.984569,Station,
784,D16N,42 St-Bryant Pk,40.754222,-73.984569,2,D16
785,D16S,42 St-Bryant Pk,40.754222,-73.984569,2,D16
786,D17,34 St-Herald Sq,40.749719,-73.987823,Station,
787,D17N,34 St-Herald Sq,40.749719,-73.987823,2,D17
788,D17S,34 St-Herald Sq,40.749719,-73.987823,2,D17
789,D18,23 St,40.742878,-73.992821,Station,
790,D18N,23 St,40.742878,-73.992821,2,D18
791,D18S,23 St,40.742878,-73.992821,2,D18
792,D19,14 St,40.738228,-73.996209,Station,
793,D19N,14 St,40.738228,-73.996209,2,D19
794,D19S,14 St,40.738228,-73.996209,2,D19
795,D20,W 4 St-Wash Sq,40.732338,-74.000495,Station,
796,D20N,W 4 St-Wash Sq,40.732338,-74.000495,2,D20
797,D20S,W 4 St-Wash Sq,40.732338,-74.000495,2,D20
798,D21,Broadway-Lafayette St,40.725297,-73.996204,Station,
799,D21N,Broadway-Lafayette St,40.725297,-73.996204,2,D21
800,D21S,Broadway-Lafayette St,40.725297,-73.996204,2,D21
801,D22,Grand St,40.718267,-73.993753,Station,
802,D22N,Grand St,40.718267,-73.993753,2,D22
803,D22S,Grand St,40.718267,-73.993753,2,D22
804,D24,Atlantic Av-Barclays Ctr,40.68446,-73.97689,Station,
805,D24N,Atlantic Av-Barclays Ctr,40.68446,-73.97689,2,D24
806,D24S,Atlantic Av-Barclays Ctr,40.68446,-73.97689,2,D24
807,D25,7 Av,40.67705,-73.972367,Station,
808,D25N,7 Av,40.67705,-73.972367,2,D25
809,D25S,7 Av,40.67705,-73.972367,2,D25
810,D26,Prospect Park,40.661614,-73.962246,Station,
811,D26N,Prospect Park,40.661614,-73.962246,2,D26
812,D26S,Prospect Park,40.661614,-73.962246,2,D26
813,D27,Parkside Av,40.655292,-73.961495,Station,
814,D27N,Parkside Av,40.655292,-73.961495,2,D27
815,D27S,Parkside Av,40.655292,-73.961495,2,D27
816,D28,Church Av,40.650527,-73.962982,Station,
817,D28N,Church Av,40.650527,-73.962982,2,D28
818,D28S,Church Av,40.650527,-73.962982,2,D28
819,D29,Beverley Rd,40.644031,-73.964492,Station,
820,D29N,Beverley Rd,40.644031,-73.964492,2,D29
821,D29S,Beverley Rd,40.644031,-73.964492,2,D29
822,D30,Cortelyou Rd,40.640927,-73.963891,Station,
823,D30N,Cortelyou Rd,40.640927,-73.963891,2,D30
824,D30S,Cortelyou Rd,40.640927,-73.963891,2,D30
825,D31,Newkirk Plaza,40.635082,-73.962793,Station,
826,D31N,Newkirk Plaza,40.635082,-73.962793,2,D31
827,D31S,Newkirk Plaza,40.635082,-73.962793,2,D31
828,D32,Avenue H,40.62927,-73.961639,Station,
829,D32N,Avenue H,40.62927,-73.961639,2,D32
830,D32S,Avenue H,40.62927,-73.961639,2,D32
831,D33,Avenue J,40.625039,-73.960803,Station,
832,D33N,Avenue J,40.625039,-73.960803,2,D33
833,D33S,Avenue J,40.625039,-73.960803,2,D33
834,D34,Avenue M,40.617618,-73.959399,Station,
835,D34N,Avenue M,40.617618,-73.959399,2,D34
836,D34S,Avenue M,40.617618,-73.959399,2,D34
837,D35,Kings Hwy,40.60867,-73.957734,Station,
838,D35N,Kings Hwy,40.60867,-73.957734,2,D35
839,D35S,Kings Hwy,40.60867,-73.957734,2,D35
840,D37,Avenue U,40.5993,-73.955929,Station,
841,D37N,Avenue U,40.5993,-73.955929,2,D37
842,D37S,Avenue U,40.5993,-73.955929,2,D37
843,D38,Neck Rd,40.595246,-73.955161,Station,
844,D38N,Neck Rd,40.595246,-73.955161,2,D38
845,D38S,Neck Rd,40.595246,-73.955161,2,D38
846,D39,Sheepshead Bay,40.586896,-73.954155,Station,
847,D39N,Sheepshead Bay,40.586896,-73.954155,2,D39
848,D39S,Sheepshead Bay,40.586896,-73.954155,2,D39
849,D40,Brighton Beach,40.577621,-73.961376,Station,
850,D40N,Brighton Beach,40.577621,-73.961376,2,D40
851,D40S,Brighton Beach,40.577621,-73.961376,2,D40
852,D41,Ocean Pkwy,40.576312,-73.968501,Station,
853,D41N,Ocean Pkwy,40.576312,-73.968501,2,D41
854,D41S,Ocean Pkwy,40.576312,-73.968501,2,D41
855,D42,W 8 St-NY Aquarium,40.576127,-73.975939,Station,
856,D42N,W 8 St-NY Aquarium,40.576127,-73.975939,2,D42
857,D42S,W 8 St-NY Aquarium,40.576127,-73.975939,2,D42
858,D43,Coney Island-Stillwell Av,40.577422,-73.981233,Station,
859,D43N,Coney Island-Stillwell Av,40.577422,-73.981233,2,D43
860,D43S,Coney Island-Stillwell Av,40.577422,-73.981233,2,D43
861,E01,World Trade Center,40.712582,-74.009781,Station,
862,E01N,World Trade Center,40.712582,-74.009781,2,E01
863,E01S,World Trade Center,40.712582,-74.009781,2,E01
864,F01,Jamaica-179 St,40.712646,-73.783817,Station,
865,F01N,Jamaica-179 St,40.712646,-73.783817,2,F01
866,F01S,Jamaica-179 St,40.712646,-73.783817,2,F01
867,F02,169 St,40.71047,-73.793604,Station,
868,F02N,169 St,40.71047,-73.793604,2,F02
869,F02S,169 St,40.71047,-73.793604,2,F02
870,F03,Parsons Blvd,40.707564,-73.803326,Station,
871,F03N,Parsons Blvd,40.707564,-73.803326,2,F03
872,F03S,Parsons Blvd,40.707564,-73.803326,2,F03
873,F04,Sutphin Blvd,40.70546,-73.810708,Station,
874,F04N,Sutphin Blvd,40.70546,-73.810708,2,F04
875,F04S,Sutphin Blvd,40.70546,-73.810708,2,F04
876,F05,Briarwood,40.709179,-73.820574,Station,
877,F05N,Briarwood,40.709179,-73.820574,2,F05
878,F05S,Briarwood,40.709179,-73.820574,2,F05
879,F06,Kew Gardens-Union Tpke,40.714441,-73.831008,Station,
880,F06N,Kew Gardens-Union Tpke,40.714441,-73.831008,2,F06
881,F06S,Kew Gardens-Union Tpke,40.714441,-73.831008,2,F06
882,F07,75 Av,40.718331,-73.837324,Station,
883,F07N,75 Av,40.718331,-73.837324,2,F07
884,F07S,75 Av,40.718331,-73.837324,2,F07
885,F09,Court Sq-23 St,40.747846,-73.946,Station,
886,F09N,Court Sq-23 St,40.747846,-73.946,2,F09
887,F09S,Court Sq-23 St,40.747846,-73.946,2,F09
888,F11,Lexington Av/53 St,40.757552,-73.969055,Station,
889,F11N,Lexington Av/53 St,40.757552,-73.969055,2,F11
890,F11S,Lexington Av/53 St,40.757552,-73.969055,2,F11
891,F12,5 Av/53 St,40.760167,-73.975224,Station,
892,F12N,5 Av/53 St,40.760167,-73.975224,2,F12
893,F12S,5 Av/53 St,40.760167,-73.975224,2,F12
894,F14,2 Av,40.723402,-73.989938,Station,
895,F14N,2 Av,40.723402,-73.989938,2,F14
896,F14S,2 Av,40.723402,-73.989938,2,F14
897,F15,Delancey St-Essex St,40.718611,-73.988114,Station,
898,F15N,Delancey St-Essex St,40.718611,-73.988114,2,F15
899,F15S,Delancey St-Essex St,40.718611,-73.988114,2,F15
900,F16,East Broadway,40.713715,-73.990173,Station,
901,F16N,East Broadway,40.713715,-73.990173,2,F16
902,F16S,East Broadway,40.713715,-73.990173,2,F16
903,F18,York St,40.701397,-73.986751,Station,
904,F18N,York St,40.701397,-73.986751,2,F18
905,F18S,York St,40.701397,-73.986751,2,F18
906,F20,Bergen St,40.686145,-73.990862,Station,
907,F20N,Bergen St,40.686145,-73.990862,2,F20
908,F20S,Bergen St,40.686145,-73.990862,2,F20
909,F21,Carroll St,40.680303,-73.995048,Station,
910,F21N,Carroll St,40.680303,-73.995048,2,F21
911,F21S,Carroll St,40.680303,-73.995048,2,F21
912,F22,Smith-9 Sts,40.67358,-73.995959,Station,
913,F22N,Smith-9 Sts,40.67358,-73.995959,2,F22
914,F22S,Smith-9 Sts,40.67358,-73.995959,2,F22
915,F23,4 Av-9 St,40.670272,-73.989779,Station,
916,F23N,4 Av-9 St,40.670272,-73.989779,2,F23
917,F23S,4 Av-9 St,40.670272,-73.989779,2,F23
918,F24,7 Av,40.666271,-73.980305,Station,
919,F24N,7 Av,40.666271,-73.980305,2,F24
920,F24S,7 Av,40.666271,-73.980305,2,F24
921,F25,15 St-Prospect Park,40.660365,-73.979493,Station,
922,F25N,15 St-Prospect Park,40.660365,-73.979493,2,F25
923,F25S,15 St-Prospect Park,40.660365,-73.979493,2,F25
924,F26,Fort Hamilton Pkwy,40.650782,-73.975776,Station,
925,F26N,Fort Hamilton Pkwy,40.650782,-73.975776,2,F26
926,F26S,Fort Hamilton Pkwy,40.650782,-73.975776,2,F26
927,F27,Church Av,40.644041,-73.979678,Station,
928,F27N,Church Av,40.644041,-73.979678,2,F27
929,F27S,Church Av,40.644041,-73.979678,2,F27
930,F29,Ditmas Av,40.636119,-73.978172,Station,
931,F29N,Ditmas Av,40.636119,-73.978172,2,F29
932,F29S,Ditmas Av,40.636119,-73.978172,2,F29
933,F30,18 Av,40.629755,-73.976971,Station,
934,F30N,18 Av,40.629755,-73.976971,2,F30
935,F30S,18 Av,40.629755,-73.976971,2,F30
936,F31,Avenue I,40.625322,-73.976127,Station,
937,F31N,Avenue I,40.625322,-73.976127,2,F31
938,F31S,Avenue I,40.625322,-73.976127,2,F31
939,F32,Bay Pkwy,40.620769,-73.975264,Station,
940,F32N,Bay Pkwy,40.620769,-73.975264,2,F32
941,F32S,Bay Pkwy,40.620769,-73.975264,2,F32
942,F33,Avenue N,40.61514,-73.974197,Station,
943,F33N,Avenue N,40.61514,-73.974197,2,F33
944,F33S,Avenue N,40.61514,-73.974197,2,F33
945,F34,Avenue P,40.608944,-73.973022,Station,
946,F34N,Avenue P,40.608944,-73.973022,2,F34
947,F34S,Avenue P,40.608944,-73.973022,2,F34
948,F35,Kings Hwy,40.603217,-73.972361,Station,
949,F35N,Kings Hwy,40.603217,-73.972361,2,F35
950,F35S,Kings Hwy,40.603217,-73.972361,2,F35
951,F36,Avenue U,40.596063,-73.973357,Station,
952,F36N,Avenue U,40.596063,-73.973357,2,F36
953,F36S,Avenue U,40.596063,-73.973357,2,F36
954,F38,Avenue X,40.58962,-73.97425,Station,
955,F38N,Avenue X,40.58962,-73.97425,2,F38
956,F38S,Avenue X,40.58962,-73.97425,2,F38
957,F39,Neptune Av,40.581011,-73.974574,Station,
958,F39N,Neptune Av,40.581011,-73.974574,2,F39
959,F39S,Neptune Av,40.581011,-73.974574,2,F39
960,G05,Jamaica Center-Parsons/Archer,40.702147,-73.801109,Station,
961,G05N,Jamaica Center-Parsons/Archer,40.702147,-73.801109,2,G05
962,G05S,Jamaica Center-Parsons/Archer,40.702147,-73.801109,2,G05
963,G06,Sutphin Blvd-Archer Av-JFK Airport,40.700486,-73.807969,Station,
964,G06N,Sutphin Blvd-Archer Av-JFK Airport,40.700486,-73.807969,2,G06
965,G06S,Sutphin Blvd-Archer Av-JFK Airport,40.700486,-73.807969,2,G06
966,G07,Jamaica-Van Wyck,40.702566,-73.816859,Station,
967,G07N,Jamaica-Van Wyck,40.702566,-73.816859,2,G07
968,G07S,Jamaica-Van Wyck,40.702566,-73.816859,2,G07
969,G08,Forest Hills-71 Av,40.721691,-73.844521,Station,
970,G08N,Forest Hills-71 Av,40.721691,-73.844521,2,G08
971,G08S,Forest Hills-71 Av,40.721691,-73.844521,2,G08
972,G09,67 Av,40.726523,-73.852719,Station,
973,G09N,67 Av,40.726523,-73.852719,2,G09
974,G09S,67 Av,40.726523,-73.852719,2,G09
975,G10,63 Dr-Rego Park,40.729846,-73.861604,Station,
976,G10N,63 Dr-Rego Park,40.729846,-73.861604,2,G10
977,G10S,63 Dr-Rego Park,40.729846,-73.861604,2,G10
978,G11,Woodhaven Blvd,40.733106,-73.869229,Station,
979,G11N,Woodhaven Blvd,40.733106,-73.869229,2,G11
980,G11S,Woodhaven Blvd,40.733106,-73.869229,2,G11
981,G12,Grand Av-Newtown,40.737015,-73.877223,Station,
982,G12N,Grand Av-Newtown,40.737015,-73.877223,2,G12
983,G12S,Grand Av-Newtown,40.737015,-73.877223,2,G12
984,G13,Elmhurst Av,40.742454,-73.882017,Station,
985,G13N,Elmhurst Av,40.742454,-73.882017,2,G13
986,G13S,Elmhurst Av,40.742454,-73.882017,2,G13
987,G14,Jackson Hts-Roosevelt Av,40.746644,-73.891338,Station,
988,G14N,Jackson Hts-Roosevelt Av,40.746644,-73.891338,2,G14
989,G14S,Jackson Hts-Roosevelt Av,40.746644,-73.891338,2,G14
990,G15,65 St,40.749669,-73.898453,Station,
991,G15N,65 St,40.749669,-73.898453,2,G15
992,G15S,65 St,40.749669,-73.898453,2,G15
993,G16,Northern Blvd,40.752885,-73.906006,Station,
994,G16N,Northern Blvd,40.752885,-73.906006,2,G16
995,G16S,Northern Blvd,40.752885,-73.906006,2,G16
996,G18,46 St,40.756312,-73.913333,Station,
997,G18N,46 St,40.756312,-73.913333,2,G18
998,G18S,46 St,40.756312,-73.913333,2,G18
999,G19,Steinway St,40.756879,-73.92074,Station,
1000,G19N,Steinway St,40.756879,-73.92074,2,G19
1001,G19S,Steinway St,40.756879,-73.92074,2,G19
1002,G20,36 St,40.752039,-73.928781,Station,
1003,G20N,36 St,40.752039,-73.928781,2,G20
1004,G20S,36 St,40.752039,-73.928781,2,G20
1005,G21,Queens Plaza,40.748973,-73.937243,Station,
1006,G21N,Queens Plaza,40.748973,-73.937243,2,G21
1007,G21S,Queens Plaza,40.748973,-73.937243,2,G21
1008,G22,Court Sq,40.746554,-73.943832,Station,
1009,G22N,Court Sq,40.746554,-73.943832,2,G22
1010,G22S,Court Sq,40.746554,-73.943832,2,G22
1011,G24,21 St,40.744065,-73.949724,Station,
1012,G24N,21 St,40.744065,-73.949724,2,G24
1013,G24S,21 St,40.744065,-73.949724,2,G24
1014,G26,Greenpoint Av,40.731352,-73.954449,Station,
1015,G26N,Greenpoint Av,40.731352,-73.954449,2,G26
1016,G26S,Greenpoint Av,40.731352,-73.954449,2,G26
1017,G28,Nassau Av,40.724635,-73.951277,Station,
1018,G28N,Nassau Av,40.724635,-73.951277,2,G28
1019,G28S,Nassau Av,40.724635,-73.951277,2,G28
1020,G29,Metropolitan Av,40.712792,-73.951418,Station,
1021,G29N,Metropolitan Av,40.712792,-73.951418,2,G29
1022,G29S,Metropolitan Av,40.712792,-73.951418,2,G29
1023,G30,Broadway,40.706092,-73.950308,Station,
1024,G30N,Broadway,40.706092,-73.950308,2,G30
1025,G30S,Broadway,40.706092,-73.950308,2,G30
1026,G31,Flushing Av,40.700377,-73.950234,Station,
1027,G31N,Flushing Av,40.700377,-73.950234,2,G31
1028,G31S,Flushing Av,40.700377,-73.950234,2,G31
1029,G32,Myrtle-Willoughby Avs,40.694568,-73.949046,Station,
1030,G32N,Myrtle-Willoughby Avs,40.694568,-73.949046,2,G32
1031,G32S,Myrtle-Willoughby Avs,40.694568,-73.949046,2,G32
1032,G33,Bedford-Nostrand Avs,40.689627,-73.953522,Station,
1033,G33N,Bedford-Nostrand Avs,40.689627,-73.953522,2,G33
1034,G33S,Bedford-Nostrand Avs,40.689627,-73.953522,2,G33
1035,G34,Classon Av,40.688873,-73.96007,Station,
1036,G34N,Classon Av,40.688873,-73.96007,2,G34
1037,G34S,Classon Av,40.688873,-73.96007,2,G34
1038,G35,Clinton-Washington Avs,40.688089,-73.966839,Station,
1039,G35N,Clinton-Washington Avs,40.688089,-73.966839,2,G35
1040,G35S,Clinton-Washington Avs,40.688089,-73.966839,2,G35
1041,G36,Fulton St,40.687119,-73.975375,Station,
1042,G36N,Fulton St,40.687119,-73.975375,2,G36
1043,G36S,Fulton St,40.687119,-73.975375,2,G36
1044,H01,Aqueduct Racetrack,40.672369,-73.835254,Station,
1045,H01N,Aqueduct Racetrack,40.672369,-73.835254,2,H01
1046,H01S,Aqueduct Racetrack,40.672369,-73.835254,2,H01
1047,H02,Aqueduct-N Conduit Av,40.668234,-73.834058,Station,
1048,H02N,Aqueduct-N Conduit Av,40.668234,-73.834058,2,H02
1049,H02S,Aqueduct-N Conduit Av,40.668234,-73.834058,2,H02
1050,H03,Howard Beach-JFK Airport,40.660476,-73.830301,Station,
1051,H03N,Howard Beach-JFK Airport,40.660476,-73.830301,2,H03
1052,H03S,Howard Beach-JFK Airport,40.660476,-73.830301,2,H03
1053,H04,Broad Channel,40.608382,-73.815925,Station,
1054,H04N,Broad Channel,40.608382,-73.815925,2,H04
1055,H04S,Broad Channel,40.608382,-73.815925,2,H04
1056,H06,Beach 67 St,40.590927,-73.796924,Station,
1057,H06N,Beach 67 St,40.590927,-73.796924,2,H06
1058,H06S,Beach 67 St,40.590927,-73.796924,2,H06
1059,H07,Beach 60 St,40.592374,-73.788522,Station,
1060,H07N,Beach 60 St,40.592374,-73.788522,2,H07
1061,H07S,Beach 60 St,40.592374,-73.788522,2,H07
1062,H08,Beach 44 St,40.592943,-73.776013,Station,
1063,H08N,Beach 44 St,40.592943,-73.776013,2,H08
1064,H08S,Beach 44 St,40.592943,-73.776013,2,H08
1065,H09,Beach 36 St,40.595398,-73.768175,Station,
1066,H09N,Beach 36 St,40.595398,-73.768175,2,H09
1067,H09S,Beach 36 St,40.595398,-73.768175,2,H09
1068,H10,Beach 25 St,40.600066,-73.761353,Station,
1069,H10N,Beach 25 St,40.600066,-73.761353,2,H10
1070,H10S,Beach 25 St,40.600066,-73.761353,2,H10
1071,H11,Far Rockaway-Mott Av,40.603995,-73.755405,Station,
1072,H11N,Far Rockaway-Mott Av,40.603995,-73.755405,2,H11
1073,H11S,Far Rockaway-Mott Av,40.603995,-73.755405,2,H11
1074,H12,Beach 90 St,40.588034,-73.813641,Station,
1075,H12N,Beach 90 St,40.588034,-73.813641,2,H12
1076,H12S,Beach 90 St,40.588034,-73.813641,2,H12
1077,H13,Beach 98 St,40.585307,-73.820558,Station,
1078,H13N,Beach 98 St,40.585307,-73.820558,2,H13
1079,H13S,Beach 98 St,40.585307,-73.820558,2,H13
1080,H14,Beach 105 St,40.583209,-73.827559,Station,
1081,H14N,Beach 105 St,40.583209,-73.827559,2,H14
1082,H14S,Beach 105 St,40.583209,-73.827559,2,H14
1083,H15,Rockaway Park-Beach 116 St,40.580903,-73.835592,Station,
1084,H15N,Rockaway Park-Beach 116 St,40.580903,-73.835592,2,H15
1085,H15S,Rockaway Park-Beach 116 St,40.580903,-73.835592,2,H15
1086,H19,Broad Channel,40.609014,-73.816024,Station,
1087,H19N,Broad Channel,40.609014,-73.816024,2,H19
1088,H19S,Broad Channel,40.609014,-73.816024,2,H19
1089,J12,121 St,40.700492,-73.828294,Station,
1090,J12N,121 St,40.700492,-73.828294,2,J12
1091,J12S,121 St,40.700492,-73.828294,2,J12
1092,J13,111 St,40.697418,-73.836345,Station,
1093,J13N,111 St,40.697418,-73.836345,2,J13
1094,J13S,111 St,40.697418,-73.836345,2,J13
1095,J14,104 St,40.695178,-73.84433,Station,
1096,J14N,104 St,40.695178,-73.84433,2,J14
1097,J14S,104 St,40.695178,-73.84433,2,J14
1098,J15,Woodhaven Blvd,40.693879,-73.851576,Station,
1099,J15N,Woodhaven Blvd,40.693879,-73.851576,2,J15
1100,J15S,Woodhaven Blvd,40.693879,-73.851576,2,J15
1101,J16,85 St-Forest Pkwy,40.692435,-73.86001,Station,
1102,J16N,85 St-Forest Pkwy,40.692435,-73.86001,2,J16
1103,J16S,85 St-Forest Pkwy,40.692435,-73.86001,2,J16
1104,J17,75 St-Elderts Ln,40.691324,-73.867139,Station,
1105,J17N,75 St-Elderts Ln,40.691324,-73.867139,2,J17
1106,J17S,75 St-Elderts Ln,40.691324,-73.867139,2,J17
1107,J19,Cypress Hills,40.689941,-73.87255,Station,
1108,J19N,Cypress Hills,40.689941,-73.87255,2,J19
1109,J19S,Cypress Hills,40.689941,-73.87255,2,J19
1110,J20,Crescent St,40.683194,-73.873785,Station,
1111,J20N,Crescent St,40.683194,-73.873785,2,J20
1112,J20S,Crescent St,40.683194,-73.873785,2,J20
1113,J21,Norwood Av,40.68141,-73.880039,Station,
1114,J21N,Norwood Av,40.68141,-73.880039,2,J21
1115,J21S,Norwood Av,40.68141,-73.880039,2,J21
1116,J22,Cleveland St,40.679947,-73.884639,Station,
1117,J22N,Cleveland St,40.679947,-73.884639,2,J22
1118,J22S,Cleveland St,40.679947,-73.884639,2,J22
1119,J23,Van Siclen Av,40.678024,-73.891688,Station,
1120,J23N,Van Siclen Av,40.678024,-73.891688,2,J23
1121,J23S,Van Siclen Av,40.678024,-73.891688,2,J23
1122,J24,Alabama Av,40.676992,-73.898654,Station,
1123,J24N,Alabama Av,40.676992,-73.898654,2,J24
1124,J24S,Alabama Av,40.676992,-73.898654,2,J24
1125,J27,Broadway Junction,40.679498,-73.904512,Station,
1126,J27N,Broadway Junction,40.679498,-73.904512,2,J27
1127,J27S,Broadway Junction,40.679498,-73.904512,2,J27
1128,J28,Chauncey St,40.682893,-73.910456,Station,
1129,J28N,Chauncey St,40.682893,-73.910456,2,J28
1130,J28S,Chauncey St,40.682893,-73.910456,2,J28
1131,J29,Halsey St,40.68637,-73.916559,Station,
1132,J29N,Halsey St,40.68637,-73.916559,2,J29
1133,J29S,Halsey St,40.68637,-73.916559,2,J29
1134,J30,Gates Av,40.68963,-73.92227,Station,
1135,J30N,Gates Av,40.68963,-73.92227,2,J30
1136,J30S,Gates Av,40.68963,-73.92227,2,J30
1137,J31,Kosciuszko St,40.693342,-73.928814,Station,
1138,J31N,Kosciuszko St,40.693342,-73.928814,2,J31
1139,J31S,Kosciuszko St,40.693342,-73.928814,2,J31
1140,L01,8 Av,40.739777,-74.002578,Station,
1141,L01N,8 Av,40.739777,-74.002578,2,L01
1142,L01S,8 Av,40.739777,-74.002578,2,L01
1143,L02,6 Av,40.737335,-73.996786,Station,
1144,L02N,6 Av,40.737335,-73.996786,2,L02
1145,L02S,6 Av,40.737335,-73.996786,2,L02
1146,L03,14 St-Union Sq,40.734789,-73.99073,Station,
1147,L03N,14 St-Union Sq,40.734789,-73.99073,2,L03
1148,L03S,14 St-Union Sq,40.734789,-73.99073,2,L03
1149,L05,3 Av,40.732849,-73.986122,Station,
1150,L05N,3 Av,40.732849,-73.986122,2,L05
1151,L05S,3 Av,40.732849,-73.986122,2,L05
1152,L06,1 Av,40.730953,-73.981628,Station,
1153,L06N,1 Av,40.730953,-73.981628,2,L06
1154,L06S,1 Av,40.730953,-73.981628,2,L06
1155,L08,Bedford Av,40.717304,-73.956872,Station,
1156,L08N,Bedford Av,40.717304,-73.956872,2,L08
1157,L08S,Bedford Av,40.717304,-73.956872,2,L08
1158,L10,Lorimer St,40.714063,-73.950275,Station,
1159,L10N,Lorimer St,40.714063,-73.950275,2,L10
1160,L10S,Lorimer St,40.714063,-73.950275,2,L10
1161,L11,Graham Av,40.714565,-73.944053,Station,
1162,L11N,Graham Av,40.714565,-73.944053,2,L11
1163,L11S,Graham Av,40.714565,-73.944053,2,L11
1164,L12,Grand St,40.711926,-73.94067,Station,
1165,L12N,Grand St,40.711926,-73.94067,2,L12
1166,L12S,Grand St,40.711926,-73.94067,2,L12
1167,L13,Montrose Av,40.707739,-73.93985,Station,
1168,L13N,Montrose Av,40.707739,-73.93985,2,L13
1169,L13S,Montrose Av,40.707739,-73.93985,2,L13
1170,L14,Morgan Av,40.706152,-73.933147,Station,
1171,L14N,Morgan Av,40.706152,-73.933147,2,L14
1172,L14S,Morgan Av,40.706152,-73.933147,2,L14
1173,L15,Jefferson St,40.706607,-73.922913,Station,
1174,L15N,Jefferson St,40.706607,-73.922913,2,L15
1175,L15S,Jefferson St,40.706607,-73.922913,2,L15
1176,L16,DeKalb Av,40.703811,-73.918425,Station,
1177,L16N,DeKalb Av,40.703811,-73.918425,2,L16
1178,L16S,DeKalb Av,40.703811,-73.918425,2,L16
1179,L17,Myrtle-Wyckoff Avs,40.699814,-73.911586,Station,
1180,L17N,Myrtle-Wyckoff Avs,40.699814,-73.911586,2,L17
1181,L17S,Myrtle-Wyckoff Avs,40.699814,-73.911586,2,L17
1182,L19,Halsey St,40.695602,-73.904084,Station,
1183,L19N,Halsey St,40.695602,-73.904084,2,L19
1184,L19S,Halsey St,40.695602,-73.904084,2,L19
1185,L20,Wilson Av,40.688764,-73.904046,Station,
1186,L20N,Wilson Av,40.688764,-73.904046,2,L20
1187,L20S,Wilson Av,40.688764,-73.904046,2,L20
1188,L21,Bushwick Av-Aberdeen St,40.682829,-73.905249,Station,
1189,L21N,Bushwick Av-Aberdeen St,40.682829,-73.905249,2,L21
1190,L21S,Bushwick Av-Aberdeen St,40.682829,-73.905249,2,L21
1191,L22,Broadway Junction,40.678856,-73.90324,Station,
1192,L22N,Broadway Junction,40.678856,-73.90324,2,L22
1193,L22S,Broadway Junction,40.678856,-73.90324,2,L22
1194,L24,Atlantic Av,40.675345,-73.903097,Station,
1195,L24N,Atlantic Av,40.675345,-73.903097,2,L24
1196,L24S,Atlantic Av,40.675345,-73.903097,2,L24
1197,L25,Sutter Av,40.669367,-73.901975,Station,
1198,L25N,Sutter Av,40.669367,-73.901975,2,L25
1199,L25S,Sutter Av,40.669367,-73.901975,2,L25
1200,L26,Livonia Av,40.664038,-73.900571,Station,
1201,L26N,Livonia Av,40.664038,-73.900571,2,L26
1202,L26S,Livonia Av,40.664038,-73.900571,2,L26
1203,L27,New Lots Av,40.658733,-73.899232,Station,
1204,L27N,New Lots Av,40.658733,-73.899232,2,L27
1205,L27S,New Lots Av,40.658733,-73.899232,2,L27
1206,L28,East 105 St,40.650573,-73.899485,Station,
1207,L28N,East 105 St,40.650573,-73.899485,2,L28
1208,L28S,East 105 St,40.650573,-73.899485,2,L28
1209,L29,Canarsie-Rockaway Pkwy,40.646654,-73.90185,Station,
1210,L29N,Canarsie-Rockaway Pkwy,40.646654,-73.90185,2,L29
1211,L29S,Canarsie-Rockaway Pkwy,40.646654,-73.90185,2,L29
1212,M01,Middle Village-Metropolitan Av,40.711396,-73.889601,Station,
1213,M01N,Middle Village-Metropolitan Av,40.711396,-73.889601,2,M01
1214,M01S,Middle Village-Metropolitan Av,40.711396,-73.889601,2,M01
1215,M04,Fresh Pond Rd,40.706186,-73.895877,Station,
1216,M04N,Fresh Pond Rd,40.706186,-73.895877,2,M04
1217,M04S,Fresh Pond Rd,40.706186,-73.895877,2,M04
1218,M05,Forest Av,40.704423,-73.903077,Station,
1219,M05N,Forest Av,40.704423,-73.903077,2,M05
1220,M05S,Forest Av,40.704423,-73.903077,2,M05
1221,M06,Seneca Av,40.702762,-73.90774,Station,
1222,M06N,Seneca Av,40.702762,-73.90774,2,M06
1223,M06S,Seneca Av,40.702762,-73.90774,2,M06
1224,M08,Myrtle-Wyckoff Avs,40.69943,-73.912385,Station,
1225,M08N,Myrtle-Wyckoff Avs,40.69943,-73.912385,2,M08
1226,M08S,Myrtle-Wyckoff Avs,40.69943,-73.912385,2,M08
1227,M09,Knickerbocker Av,40.698664,-73.919711,Station,
1228,M09N,Knickerbocker Av,40.698664,-73.919711,2,M09
1229,M09S,Knickerbocker Av,40.698664,-73.919711,2,M09
1230,M10,Central Av,40.697857,-73.927397,Station,
1231,M10N,Central Av,40.697857,-73.927397,2,M10
1232,M10S,Central Av,40.697857,-73.927397,2,M10
1233,M11,Myrtle Av,40.697207,-73.935657,Station,
1234,M11N,Myrtle Av,40.697207,-73.935657,2,M11
1235,M11S,Myrtle Av,40.697207,-73.935657,2,M11
1236,M12,Flushing Av,40.70026,-73.941126,Station,
1237,M12N,Flushing Av,40.70026,-73.941126,2,M12
1238,M12S,Flushing Av,40.70026,-73.941126,2,M12
1239,M13,Lorimer St,40.703869,-73.947408,Station,
1240,M13N,Lorimer St,40.703869,-73.947408,2,M13
1241,M13S,Lorimer St,40.703869,-73.947408,2,M13
1242,M14,Hewes St,40.70687,-73.953431,Station,
1243,M14N,Hewes St,40.70687,-73.953431,2,M14
1244,M14S,Hewes St,40.70687,-73.953431,2,M14
1245,M16,Marcy Av,40.708359,-73.957757,Station,
1246,M16N,Marcy Av,40.708359,-73.957757,2,M16
1247,M16S,Marcy Av,40.708359,-73.957757,2,M16
1248,M18,Delancey St-Essex St,40.718315,-73.987437,Station,
1249,M18N,Delancey St-Essex St,40.718315,-73.987437,2,M18
1250,M18S,Delancey St-Essex St,40.718315,-73.987437,2,M18
1251,M19,Bowery,40.72028,-73.993915,Station,
1252,M19N,Bowery,40.72028,-73.993915,2,M19
1253,M19S,Bowery,40.72028,-73.993915,2,M19
1254,M20,Canal St,40.718092,-73.999892,Station,
1255,M20N,Canal St,40.718092,-73.999892,2,M20
1256,M20S,Canal St,40.718092,-73.999892,2,M20
1257,M21,Chambers St,40.713243,-74.003401,Station,
1258,M21N,Chambers St,40.713243,-74.003401,2,M21
1259,M21S,Chambers St,40.713243,-74.003401,2,M21
1260,M22,Fulton St,40.710374,-74.007582,Station,
1261,M22N,Fulton St,40.710374,-74.007582,2,M22
1262,M22S,Fulton St,40.710374,-74.007582,2,M22
1263,M23,Broad St,40.706476,-74.011056,Station,
1264,M23N,Broad St,40.706476,-74.011056,2,M23
1265,M23S,Broad St,40.706476,-74.011056,2,M23
1266,N02,8 Av,40.635064,-74.011719,Station,
1267,N02N,8 Av,40.635064,-74.011719,2,N02
1268,N02S,8 Av,40.635064,-74.011719,2,N02
1269,N03,Fort Hamilton Pkwy,40.631386,-74.005351,Station,
1270,N03N,Fort Hamilton Pkwy,40.631386,-74.005351,2,N03
1271,N03S,Fort Hamilton Pkwy,40.631386,-74.005351,2,N03
1272,N04,New Utrecht Av,40.624842,-73.996353,Station,
1273,N04N,New Utrecht Av,40.624842,-73.996353,2,N04
1274,N04S,New Utrecht Av,40.624842,-73.996353,2,N04
1275,N05,18 Av,40.620671,-73.990414,Station,
1276,N05N,18 Av,40.620671,-73.990414,2,N05
1277,N05S,18 Av,40.620671,-73.990414,2,N05
1278,N06,20 Av,40.61741,-73.985026,Station,
1279,N06N,20 Av,40.61741,-73.985026,2,N06
1280,N06S,20 Av,40.61741,-73.985026,2,N06
1281,N07,Bay Pkwy,40.611815,-73.981848,Station,
1282,N07N,Bay Pkwy,40.611815,-73.981848,2,N07
1283,N07S,Bay Pkwy,40.611815,-73.981848,2,N07
1284,N08,Kings Hwy,40.603923,-73.980353,Station,
1285,N08N,Kings Hwy,40.603923,-73.980353,2,N08
1286,N08S,Kings Hwy,40.603923,-73.980353,2,N08
1287,N09,Avenue U,40.597473,-73.979137,Station,
1288,N09N,Avenue U,40.597473,-73.979137,2,N09
1289,N09S,Avenue U,40.597473,-73.979137,2,N09
1290,N10,86 St,40.592721,-73.97823,Station,
1291,N10N,86 St,40.592721,-73.97823,2,N10
1292,N10S,86 St,40.592721,-73.97823,2,N10
1293,N12,S.B. Coney Island,40.577422,-73.981233,Station,
1294,N12N,S.B. Coney Island,40.577422,-73.981233,2,N12
1295,N12S,S.B. Coney Island,40.577422,-73.981233,2,N12
1296,Q01,Canal St,40.718383,-74.00046,Station,
1297,Q01N,Canal St,40.718383,-74.00046,2,Q01
1298,Q01S,Canal St,40.718383,-74.00046,2,Q01
1299,Q03,72 St,40.768799,-73.958424,Station,
1300,Q03N,72 St,40.768799,-73.958424,2,Q03
1301,Q03S,72 St,40.768799,-73.958424,2,Q03
1302,Q04,86 St,40.777891,-73.951787,Station,
1303,Q04N,86 St,40.777891,-73.951787,2,Q04
1304,Q04S,86 St,40.777891,-73.951787,2,Q04
1305,Q05,96 St,40.784318,-73.947152,Station,
1306,Q05N,96 St,40.784318,-73.947152,2,Q05
1307,Q05S,96 St,40.784318,-73.947152,2,Q05
1308,R01,Astoria-Ditmars Blvd,40.775036,-73.912034,Station,
1309,R01N,Astoria-Ditmars Blvd,40.775036,-73.912034,2,R01
1310,R01S,Astoria-Ditmars Blvd,40.775036,-73.912034,2,R01
1311,R03,Astoria Blvd,40.770258,-73.917843,Station,
1312,R03N,Astoria Blvd,40.770258,-73.917843,2,R03
1313,R03S,Astoria Blvd,40.770258,-73.917843,2,R03
1314,R04,30 Av,40.766779,-73.921479,Station,
1315,R04N,30 Av,40.766779,-73.921479,2,R04
1316,R04S,30 Av,40.766779,-73.921479,2,R04
1317,R05,Broadway,40.76182,-73.925508,Station,
1318,R05N,Broadway,40.76182,-73.925508,2,R05
1319,R05S,Broadway,40.76182,-73.925508,2,R05
1320,R06,36 Av,40.756804,-73.929575,Station,
1321,R06N,36 Av,40.756804,-73.929575,2,R06
1322,R06S,36 Av,40.756804,-73.929575,2,R06
1323,R08,39 Av-Dutch Kills,40.752882,-73.932755,Station,
1324,R08N,39 Av-Dutch Kills,40.752882,-73.932755,2,R08
1325,R08S,39 Av-Dutch Kills,40.752882,-73.932755,2,R08
1326,R09,Queensboro Plaza,40.750582,-73.940202,Station,
1327,R09N,Queensboro Plaza,40.750582,-73.940202,2,R09
1328,R09S,Queensboro Plaza,40.750582,-73.940202,2,R09
1329,R11,Lexington Av/59 St,40.76266,-73.967258,Station,
1330,R11N,Lexington Av/59 St,40.76266,-73.967258,2,R11
1331,R11S,Lexington Av/59 St,40.76266,-73.967258,2,R11
1332,R13,5 Av/59 St,40.764811,-73.973347,Station,
1333,R13N,5 Av/59 St,40.764811,-73.973347,2,R13
1334,R13S,5 Av/59 St,40.764811,-73.973347,2,R13
1335,R14,57 St-7 Av,40.764664,-73.980658,Station,
1336,R14N,57 St-7 Av,40.764664,-73.980658,2,R14
1337,R14S,57 St-7 Av,40.764664,-73.980658,2,R14
1338,R15,49 St,40.759901,-73.984139,Station,
1339,R15N,49 St,40.759901,-73.984139,2,R15
1340,R15S,49 St,40.759901,-73.984139,2,R15
1341,R16,Times Sq-42 St,40.754672,-73.986754,Station,
1342,R16N,Times Sq-42 St,40.754672,-73.986754,2,R16
1343,R16S,Times Sq-42 St,40.754672,-73.986754,2,R16
1344,R17,34 St-Herald Sq,40.749567,-73.98795,Station,
1345,R17N,34 St-Herald Sq,40.749567,-73.98795,2,R17
1346,R17S,34 St-Herald Sq,40.749567,-73.98795,2,R17
1347,R18,28 St,40.745494,-73.988691,Station,
1348,R18N,28 St,40.745494,-73.988691,2,R18
1349,R18S,28 St,40.745494,-73.988691,2,R18
1350,R19,23 St,40.741303,-73.989344,Station,
1351,R19N,23 St,40.741303,-73.989344,2,R19
1352,R19S,23 St,40.741303,-73.989344,2,R19
1353,R20,14 St-Union Sq,40.735736,-73.990568,Station,
1354,R20N,14 St-Union Sq,40.735736,-73.990568,2,R20
1355,R20S,14 St-Union Sq,40.735736,-73.990568,2,R20
1356,R21,8 St-NYU,40.730328,-73.992629,Station,
1357,R21N,8 St-NYU,40.730328,-73.992629,2,R21
1358,R21S,8 St-NYU,40.730328,-73.992629,2,R21
1359,R22,Prince St,40.724329,-73.997702,Station,
1360,R22N,Prince St,40.724329,-73.997702,2,R22
1361,R22S,Prince St,40.724329,-73.997702,2,R22
1362,R23,Canal St,40.719527,-74.001775,Station,
1363,R23N,Canal St,40.719527,-74.001775,2,R23
1364,R23S,Canal St,40.719527,-74.001775,2,R23
1365,R24,City Hall,40.713282,-74.006978,Station,
1366,R24N,City Hall,40.713282,-74.006978,2,R24
1367,R24S,City Hall,40.713282,-74.006978,2,R24
1368,R25,Cortlandt St,40.710668,-74.011029,Station,
1369,R25N,Cortlandt St,40.710668,-74.011029,2,R25
1370,R25S,Cortlandt St,40.710668,-74.011029,2,R25
1371,R26,Rector St,40.70722,-74.013342,Station,
1372,R26N,Rector St,40.70722,-74.013342,2,R26
1373,R26S,Rector St,40.70722,-74.013342,2,R26
1374,R27,Whitehall St-South Ferry,40.703087,-74.012994,Station,
1375,R27N,Whitehall St-South Ferry,40.703087,-74.012994,2,R27
1376,R27S,Whitehall St-South Ferry,40.703087,-74.012994,2,R27
1377,R28,Court St,40.6941,-73.991777,Station,
1378,R28N,Court St,40.6941,-73.991777,2,R28
1379,R28S,Court St,40.6941,-73.991777,2,R28
1380,R29,Jay St-MetroTech,40.69218,-73.985942,Station,
1381,R29N,Jay St-MetroTech,40.69218,-73.985942,2,R29
1382,R29S,Jay St-MetroTech,40.69218,-73.985942,2,R29
1383,R30,DeKalb Av,40.690635,-73.981824,Station,
1384,R30N,DeKalb Av,40.690635,-73.981824,2,R30
1385,R30S,DeKalb Av,40.690635,-73.981824,2,R30
1386,R31,Atlantic Av-Barclays Ctr,40.683666,-73.97881,Station,
1387,R31N,Atlantic Av-Barclays Ctr,40.683666,-73.97881,2,R31
1388,R31S,Atlantic Av-Barclays Ctr,40.683666,-73.97881,2,R31
1389,R32,Union St,40.677316,-73.98311,Station,
1390,R32N,Union St,40.677316,-73.98311,2,R32
1391,R32S,Union St,40.677316,-73.98311,2,R32
1392,R33,4 Av-9 St,40.670847,-73.988302,Station,
1393,R33N,4 Av-9 St,40.670847,-73.988302,2,R33
1394,R33S,4 Av-9 St,40.670847,-73.988302,2,R33
1395,R34,Prospect Av,40.665414,-73.992872,Station,
1396,R34N,Prospect Av,40.665414,-73.992872,2,R34
1397,R34S,Prospect Av,40.665414,-73.992872,2,R34
1398,R35,25 St,40.660397,-73.998091,Station,
1399,R35N,25 St,40.660397,-73.998091,2,R35
1400,R35S,25 St,40.660397,-73.998091,2,R35
1401,R36,36 St,40.655144,-74.003549,Station,
1402,R36N,36 St,40.655144,-74.003549,2,R36
1403,R36S,36 St,40.655144,-74.003549,2,R36
1404,R39,45 St,40.648939,-74.010006,Station,
1405,R39N,45 St,40.648939,-74.010006,2,R39
1406,R39S,45 St,40.648939,-74.010006,2,R39
1407,R40,53 St,40.645069,-74.014034,Station,
1408,R40N,53 St,40.645069,-74.014034,2,R40
1409,R40S,53 St,40.645069,-74.014034,2,R40
1410,R41,59 St,40.641362,-74.017881,Station,
1411,R41N,59 St,40.641362,-74.017881,2,R41
1412,R41S,59 St,40.641362,-74.017881,2,R41
1413,R42,Bay Ridge Av,40.634967,-74.023377,Station,
1414,R42N,Bay Ridge Av,40.634967,-74.023377,2,R42
1415,R42S,Bay Ridge Av,40.634967,-74.023377,2,R42
1416,R43,77 St,40.629742,-74.02551,Station,
1417,R43N,77 St,40.629742,-74.02551,2,R43
1418,R43S,77 St,40.629742,-74.02551,2,R43
1419,R44,86 St,40.622687,-74.028398,Station,
1420,R44N,86 St,40.622687,-74.028398,2,R44
1421,R44S,86 St,40.622687,-74.028398,2,R44
1422,R45,Bay Ridge-95 St,40.616622,-74.030876,Station,
1423,R45N,Bay Ridge-95 St,40.616622,-74.030876,2,R45
1424,R45S,Bay Ridge-95 St,40.616622,-74.030876,2,R45
1425,S01,Franklin Av,40.680596,-73.955827,Station,
1426,S01N,Franklin Av,40.680596,-73.955827,2,S01
1427,S01S,Franklin Av,40.680596,-73.955827,2,S01
1428,S03,Park Pl,40.674772,-73.957624,Station,
1429,S03N,Park Pl,40.674772,-73.957624,2,S03
1430,S03S,Park Pl,40.674772,-73.957624,2,S03
1431,S04,Botanic Garden,40.670343,-73.959245,Station,
1432,S04N,Botanic Garden,40.670343,-73.959245,2,S04
1433,S04S,Botanic Garden,40.670343,-73.959245,2,S04
1434,S09,Tottenville,40.512764,-74.251961,Station,
1435,S09N,Tottenville,40.512764,-74.251961,2,S09
1436,S09S,Tottenville,40.512764,-74.251961,2,S09
1437,S11,Arthur Kill,40.516578,-74.242096,Station,
1438,S11N,Arthur Kill,40.516578,-74.242096,2,S11
1439,S11S,Arthur Kill,40.516578,-74.242096,2,S11
1440,S13,Richmond Valley,40.519631,-74.229141,Station,
1441,S13N,Richmond Valley,40.519631,-74.229141,2,S13
1442,S13S,Richmond Valley,40.519631,-74.229141,2,S13
1443,S14,Pleasant Plains,40.52241,-74.217847,Station,
1444,S14N,Pleasant Plains,40.52241,-74.217847,2,S14
1445,S14S,Pleasant Plains,40.52241,-74.217847,2,S14
1446,S15,Prince's Bay,40.525507,-74.200064,Station,
1447,S15N,Prince's Bay,40.525507,-74.200064,2,S15
1448,S15S,Prince's Bay,40.525507,-74.200064,2,S15
1449,S16,Huguenot,40.533674,-74.191794,Station,
1450,S16N,Huguenot,40.533674,-74.191794,2,S16
1451,S16S,Huguenot,40.533674,-74.191794,2,S16
1452,S17,Annadale,40.54046,-74.178217,Station,
1453,S17N,Annadale,40.54046,-74.178217,2,S17
1454,S17S,Annadale,40.54046,-74.178217,2,S17
1455,S18,Eltingville,40.544601,-74.16457,Station,
1456,S18N,Eltingville,40.544601,-74.16457,2,S18
1457,S18S,Eltingville,40.544601,-74.16457,2,S18
1458,S19,Great Kills,40.551231,-74.151399,Station,
1459,S19N,Great Kills,40.551231,-74.151399,2,S19
1460,S19S,Great Kills,40.551231,-74.151399,2,S19
1461,S20,Bay Terrace,40.5564,-74.136907,Station,
1462,S20N,Bay Terrace,40.5564,-74.136907,2,S20
1463,S20S,Bay Terrace,40.5564,-74.136907,2,S20
1464,S21,Oakwood Heights,40.56511,-74.12632,Station,
1465,S21N,Oakwood Heights,40.56511,-74.12632,2,S21
1466,S21S,Oakwood Heights,40.56511,-74.12632,2,S21
1467,S22,New Dorp,40.57348,-74.11721,Station,
1468,S22N,New Dorp,40.57348,-74.11721,2,S22
1469,S22S,New Dorp,40.57348,-74.11721,2,S22
1470,S23,Grant City,40.578965,-74.109704,Station,
1471,S23N,Grant City,40.578965,-74.109704,2,S23
1472,S23S,Grant City,40.578965,-74.109704,2,S23
1473,S24,Jefferson Av,40.583591,-74.103338,Station,
1474,S24N,Jefferson Av,40.583591,-74.103338,2,S24
1475,S24S,Jefferson Av,40.583591,-74.103338,2,S24
1476,S25,Dongan Hills,40.588849,-74.09609,Station,
1477,S25N,Dongan Hills,40.588849,-74.09609,2,S25
1478,S25S,Dongan Hills,40.588849,-74.09609,2,S25
1479,S26,Old Town,40.596612,-74.087368,Station,
1480,S26N,Old Town,40.596612,-74.087368,2,S26
1481,S26S,Old Town,40.596612,-74.087368,2,S26
1482,S27,Grasmere,40.603117,-74.084087,Station,
1483,S27N,Grasmere,40.603117,-74.084087,2,S27
1484,S27S,Grasmere,40.603117,-74.084087,2,S27
1485,S28,Clifton,40.621319,-74.071402,Station,
1486,S28N,Clifton,40.621319,-74.071402,2,S28
1487,S28S,Clifton,40.621319,-74.071402,2,S28
1488,S29,Stapleton,40.627915,-74.075162,Station,
1489,S29N,Stapleton,40.627915,-74.075162,2,S29
1490,S29S,Stapleton,40.627915,-74.075162,2,S29
1491,S30,Tompkinsville,40.636949,-74.074835,Station,
1492,S30N,Tompkinsville,40.636949,-74.074835,2,S30
1493,S30S,Tompkinsville,40.636949,-74.074835,2,S30
1494,S31,St George,40.643748,-74.073643,Station,
1495,S31N,St George,40.643748,-74.073643,2,S31
1496,S31S,St George,40.643748,-74.073643,2,S31
